Time,Lab_D_5_TEE,Lab_D_175_TEE,Lab_D_345_TEE,Lab_D_515_TEE,Pre_D_5_TEE,Pre_D_175_TEE,Pre_D_345_TEE,Pre_D_515_TEE,Err_D_5_TEE,Err_D_175_TEE,Err_D_345_TEE,Err_D_515_TEE
378.0,13.501985164,10.036604306,5.228860469000001,2.05026397,14.26012134552002,10.37820053100586,6.16502046585083,2.199422836303711,-0.7581361815200189,-0.3415962250058602,-0.9361599968508294,-0.1491588663037109
195.0,16.240255739,12.734413145999998,8.151190187000001,2.56347656,15.323774337768555,11.189711570739746,6.6497087478637695,2.3635473251342773,0.9164814012314437,1.5447015752602518,1.5014814391362314,0.19992923486572245
51.0,26.78503265,19.495146176,10.876791385,3.9749145499999976,25.685386657714844,19.095020294189453,11.37130069732666,3.9624223709106445,1.0996459922851578,0.40012588181054554,-0.4945093123266595,0.012492179089353073
412.0,12.585504154,8.631024166,5.1822662390000005,1.81375274,12.397635459899902,8.957222938537598,5.316318035125732,1.9120376110076904,0.1878686941000982,-0.3261987725375981,-0.13405179612573193,-0.09828487100769046
365.0,0.0,0.0,0.0,0.0,3.337019443511963,2.0448155403137207,1.1881606578826904,0.5142737030982971,-3.337019443511963,-2.0448155403137207,-1.1881606578826904,-0.5142737030982971
50.0,26.48925781,19.114630126,10.930197145,4.163606259999998,25.169750213623047,18.70163345336914,11.136336326599121,3.88283371925354,1.3195075963769547,0.41299667263086093,-0.2061391815991218,0.2807725407464581
418.0,16.623361204000002,11.241230776,6.123542789,2.19140777,14.523965835571289,10.579499244689941,6.28524923324585,2.2401342391967773,2.0993953684287128,0.6617315313100587,-0.16170644424584957,-0.048726469196777256
33.0,27.09770203,19.970075986,11.393682865,3.5514831499999997,25.884401321411133,19.246850967407227,11.461987495422363,3.993140935897827,1.2133007085888678,0.7232250185927747,-0.06830463042236268,-0.44165778589782745
306.0,27.395248412,19.72770691,11.490686032,4.220962530000001,26.868558883666992,19.997676849365234,11.910446166992188,4.145050048828125,0.5266895283330086,-0.26996993936523594,-0.4197601349921882,0.07591248117187632
196.0,16.514778139,12.683868405999998,7.706642147,2.5138854900000016,16.764053344726562,12.288565635681152,7.306018352508545,2.5857856273651123,-0.24927520572656192,0.3953027703188461,0.40062379449145524,-0.0719001373651107
388.0,18.874986264,13.853208926,6.960868839,2.69876251,17.649816513061523,12.964354515075684,7.709643363952637,2.7224605083465576,1.225169750938477,0.888854410924317,-0.748774524952637,-0.023697998346557725
417.0,15.750885014,11.047634886,6.087303158999999,2.177102659999999,14.18128776550293,10.318055152893066,6.1290974617004395,2.187258720397949,1.56959724849707,0.7295797331069345,-0.041794302700440156,-0.010156060397950029
114.0,10.438236995,7.575988767999999,4.964964290999999,1.4344619799999982,13.652853012084961,9.914885520935059,5.888298511505127,2.105719804763794,-3.2146160170849605,-2.3388967529350593,-0.9233342205051276,-0.6712578247637957
436.0,22.898538204,16.655104066,8.745193479000001,3.18799743,26.016056060791016,19.347293853759766,11.521979331970215,4.013462066650391,-3.1175178567910145,-2.692189787759766,-2.776785852970214,-0.8254646366503908
297.0,20.750999452,16.507148739999998,12.021882632000002,4.281044010000002,17.94597625732422,13.1903076171875,7.844598293304443,2.7681591510772705,2.8050231946757798,3.316841122812498,4.177284338695559,1.5128848589227317
223.0,23.427009579,18.313407896,11.019842527000002,3.8956237799999993,23.897377014160156,17.73090362548828,10.556544303894043,3.6864778995513916,-0.47036743516015633,0.5825042705117198,0.4632982231059586,0.2091458804486077
308.0,27.938842772,18.91136169,10.828836062000002,3.5743713400000026,27.259109497070312,20.295631408691406,12.088412284851074,4.205333709716797,0.6797332749296885,-1.3842697186914066,-1.2595762228510718,-0.6309623697167943
47.0,26.3415741,19.393238826,11.753218075,4.297256469999997,24.695608139038086,18.33989715576172,10.920279502868652,3.809657335281372,1.645965960961913,1.0533416702382823,0.8329385721313471,0.48759913471862504
104.0,13.178007505,10.142326357999998,4.838125611000001,1.3448165900000006,15.065085411071777,10.99234390258789,6.531827449798584,2.3236303329467773,-1.8870779060717773,-0.8500175445878924,-1.6937018387985834,-0.9788137429467767
85.0,20.95712891,15.168325806,9.349005124999998,3.35597992,20.513893127441406,15.149489402770996,9.014752388000488,3.1643950939178467,0.4432357825585953,0.01883640322900426,0.33425273699950964,0.1915848260821531
212.0,22.892951969,16.966819766,9.838104247,3.637313839999999,22.223373413085938,16.453733444213867,9.793733596801758,3.4281723499298096,0.669578555914061,0.5130863217861332,0.0443706501982426,0.20914149007018956
247.0,26.665687559,19.534111026,11.187553407,3.70121002,26.990299224853516,20.090553283691406,11.965920448303223,4.163841247558594,-0.3246116658535172,-0.5564422576914048,-0.7783670413032233,-0.46263122755859376
168.0,20.086560055,16.933441157999997,11.659622191,4.896163940000001,26.092559814453125,19.405654907226562,11.556839942932129,4.025271415710449,-6.005999759453125,-2.4722137492265652,0.1027822480678715,0.8708925242895518
209.0,22.253172299,17.388343805999998,10.954856877,3.5010742200000013,22.991973876953125,17.04013442993164,10.14397144317627,3.546769380569458,-0.7388015779531258,0.34820937606835756,0.8108854338237297,-0.04569516056945666
187.0,5.269050598,3.685951233,1.512391667000001,0.7008148199999997,7.945072650909424,5.5602498054504395,3.287479877471924,1.2250720262527466,-2.676022052909424,-1.8742985724504395,-1.7750882104719228,-0.5242572062527469
429.0,21.100862124,15.144619745999998,8.275032039000001,2.664566039999998,20.582592010498047,15.201905250549316,9.046058654785156,3.1749956607818604,0.5182701135019521,-0.057285504549318134,-0.7710266157851553,-0.5104296207818622
165.0,20.149502565,17.330305478,12.042999271,4.63390351,24.6175594329834,18.280353546142578,10.884713172912598,3.7976126670837402,-4.4680568679834,-0.9500480681425785,1.1582860980874017,0.8362908429162594
334.0,22.556304932,17.19093323,11.306626892000002,3.93581391,22.374927520751953,16.569360733032227,9.862793922424316,3.4515573978424072,0.18137741124804663,0.6215724969677723,1.443832969575686,0.4842565121575926
347.0,30.933380132000003,21.98900452,12.432916262,4.48799133,28.630088806152344,21.341567993164062,12.713139533996582,4.4169511795043945,2.3032913258476597,0.6474365268359392,-0.28022327199658115,0.0710401504956053
8.0,12.18141785,9.087698366,4.949705504999999,1.6374587999999974,11.246437072753906,8.078925132751465,4.791741847991943,1.7344083786010742,0.9349807772460945,1.0087732332485349,0.1579636570080556,-0.09694957860107678
232.0,26.031629939,19.579887386,11.232376097,3.76319885,26.193811416625977,19.48290252685547,11.602978706359863,4.040899753570557,-0.16218147762597823,0.09698485914453059,-0.3706026093598638,-0.27770090357055643
45.0,24.41896667,17.472402956,9.706632995,3.7048889099999975,24.73849868774414,18.37261962890625,10.93982219696045,3.8162763118743896,-0.319532017744141,-0.9002166729062502,-1.2331892019604496,-0.11138740187439211
178.0,12.645721435,10.320663447999998,6.626129151000001,2.510206610000001,14.775928497314453,10.771733283996582,6.400063991546631,2.279013156890869,-2.1302070623144527,-0.45106983599658435,0.2260651594533698,0.23119345310913175
58.0,29.3713974,22.190229796,12.285368344999998,4.741668699999998,27.377870559692383,20.3862361907959,12.142529487609863,4.223665237426758,1.9935268403076165,1.8039936052041021,0.14283885739013513,0.5180034625732404
101.0,10.380880735000002,8.364677428,3.7212371809999993,1.0892318799999998,11.884716987609863,8.56589412689209,5.082590579986572,1.8328931331634521,-1.5038362526098616,-0.2012166988920896,-1.361353398986573,-0.7436612531634523
72.0,29.76989746,21.566526796,11.852400205,4.068374629999997,28.123634338378906,20.955188751220703,12.4823579788208,4.338777542114258,1.646263121621093,0.6113380447792984,-0.6299577738208004,-0.2704029121142604
7.0,11.49191132,8.710997006,4.764692685,2.064569089999999,9.496953010559082,6.744203090667725,3.99458384513855,1.464491367340088,1.9949583094409178,1.9667939153322749,0.7701088398614502,0.6000777226599112
49.0,26.13353729,19.008636476,10.585920715,3.349304199999999,24.207008361816406,17.967132568359375,10.697635650634766,3.7342567443847656,1.9265289281835933,1.0415039076406245,-0.11171493563476531,-0.3849525443847668
4.0,5.317823792,3.436088562,1.014845274999999,0.6437301599999969,4.431847095489502,2.8799591064453125,1.686706781387329,0.6830691695213318,0.8859766965104985,0.5561294555546876,-0.6718615063873301,-0.039339009521334845
444.0,19.479751584,13.326916506000002,8.347511289,2.83895263,22.811717987060547,16.90260887145996,10.0618314743042,3.5189554691314697,-3.331966403060548,-3.5756923654599593,-1.7143201853041994,-0.6800028391314696
143.0,12.851715085,8.492469788000001,4.7588348410000005,1.6938613899999986,13.763938903808594,9.999639511108398,5.938918113708496,2.1228606700897217,-0.9122238188085934,-1.5071697231083974,-1.1800832727084956,-0.4289992800897231
345.0,30.370712282,23.53477478,12.952804562,4.774093629999999,28.605213165283203,21.322589874267578,12.701802253723145,4.413110733032227,1.7654991167167964,2.212184905732421,0.2510023082768562,0.36098289696777286
213.0,23.079054259,17.522811886,9.686470037,3.693580620000001,22.069021224975586,16.335969924926758,9.723398208618164,3.404355525970459,1.0100330340244135,1.1868419610732417,-0.03692817161816464,0.289225094029542
119.0,8.660730925,6.104469298000001,4.080772400999999,1.0367797900000006,11.55514144897461,8.314447402954102,4.932410717010498,1.7820401191711426,-2.89441052397461,-2.209978104954101,-0.851638316010499,-0.7452603291711419
116.0,10.211126705000002,7.194654848,4.545211791,1.233236699999999,12.13220500946045,8.754714012145996,5.195365905761719,1.8710811138153076,-1.9210783044604476,-1.5600591641459962,-0.6501541147617189,-0.6378444138153085
426.0,20.359039304,14.249119566,7.916450499,2.81320343,21.22965431213379,15.695578575134277,9.340914726257324,3.274839162826538,-0.8706150081337896,-1.4464590091342782,-1.4244642272573245,-0.4616357328265379
286.0,16.668455502,12.970788570000002,7.999284361999999,2.5739669800000016,14.516582489013672,10.573866844177246,6.281884670257568,2.23899507522583,2.1518730129863286,2.3969217258227555,1.7173996917424308,0.3349719047741715
148.0,10.537283325,7.214682008,4.256248470999999,1.382009889999999,12.131172180175781,8.753927230834961,5.194896221160889,1.8709218502044678,-1.5938888551757806,-1.5392452228349613,-0.9386477501608894,-0.4889119602044687
339.0,27.735845952,22.56965637,15.521049502000002,6.102561950000002,26.532833099365234,19.741546630859375,11.757464408874512,4.093229293823242,1.2030128526347639,2.8281097391406256,3.7635850931254904,2.0093326561767597
163.0,19.201414485,16.682624817999997,11.385917661,4.627363589999998,21.369102478027344,15.801969528198242,9.404457092285156,3.296355962753296,-2.167687993027343,0.880655289801755,1.9814605687148443,1.3310076272467022
81.0,24.43327179,18.284933476,11.693136595,3.967285149999999,25.443086624145508,18.91016387939453,11.26088809967041,3.925022602081299,-1.0098148341455087,-0.6252304033945322,0.4322484953295902,0.04226254791870021
97.0,6.167411803999999,4.966735837999999,2.095222471,0.9433197100000008,9.141419410705566,6.47296142578125,3.832587242126465,1.4096407890319824,-2.974007606705567,-1.506225587781251,-1.7373647711264648,-0.4663210790319816
189.0,9.433746339,7.811410526,4.9085617070000005,1.5581680299999991,11.059124946594238,7.9360175132751465,4.706389904022217,1.7055071592330933,-1.6253786075942376,-0.12460698727514607,0.2021718029777837,-0.1473391292330941
433.0,22.365570064,15.946659846,8.468763729,2.928598019999999,25.272140502929688,18.779747009277344,11.182991027832031,3.898637056350708,-2.9065704389296876,-2.8330871632773444,-2.7142272988320304,-0.970039036350709
311.0,25.376455692,16.994476319999997,10.568618772,3.70883942,26.80620002746582,19.950103759765625,11.882031440734863,4.135425567626953,-1.42974433546582,-2.955627439765628,-1.3134126687348626,-0.42658614762695324
112.0,11.552128605,8.088111878,5.104064940999999,1.143591309999998,14.725329399108887,10.733128547668457,6.377007007598877,2.271205425262451,-3.1732007941088867,-2.6450166696684576,-1.272942066598878,-1.1276141152624533
305.0,27.009963992,20.48301697,11.589868162,4.162788389999999,27.672983169555664,20.61138153076172,12.277005195617676,4.269217491149902,-0.6630191775556646,-0.12836456076171743,-0.6871370336176756,-0.106429101149903
391.0,20.123345944,15.189306636,7.907867428999999,3.2347274799999983,20.182270050048828,14.896479606628418,8.863638877868652,3.113224744796753,-0.058924106048827696,0.29282702937158156,-0.9557714488686537,0.1215027352032454
446.0,17.448289494,12.422833256,8.046150209,2.4832321099999994,18.576284408569336,13.6712007522583,8.131819725036621,2.86541748046875,-1.127994914569335,-1.2483674962583002,-0.08566951603662076,-0.38218537046875056
340.0,28.125762942,23.09417725,15.050752262,5.091667180000002,27.343429565429688,20.35995864868164,12.12683391571045,4.218348503112793,0.782333376570314,2.7342186013183607,2.9239183462895504,0.8733186768872088
127.0,11.823654175,7.155418397999999,3.773689271,1.439230349999999,11.54133415222168,8.303913116455078,4.92611837387085,1.7799097299575806,0.28232002277832,-1.148494718455079,-1.1524291028708498,-0.3406793799575816
359.0,20.151274112,14.55211639,9.048326112,3.1394958499999994,21.58639144897461,15.96774959564209,9.503472328186035,3.3298842906951904,-1.43511733697461,-1.4156332056420897,-0.45514621618603535,-0.190388440695191
329.0,29.145376592,22.51611481,14.384133912,5.002021790000001,27.300283432006836,20.327043533325195,12.10717487335205,4.211688995361328,1.8450931599931657,2.189071276674806,2.2769590386479486,0.7903327946386725
200.0,19.863264469,14.909744266,9.011268617,2.9764175400000017,20.528987884521484,15.16100788116455,9.021632194519043,3.16672420501709,-0.6657234155214837,-0.2512636151645502,-0.010363577519042266,-0.19030666501708815
267.0,21.654264829,16.547203065999998,10.561943057,3.3636093099999997,24.651103973388672,18.305944442749023,10.899998664855957,3.8027894496917725,-2.996839144388673,-1.7587413767490254,-0.33805560785595645,-0.4391801396917727
336.0,25.470869442,20.15209198,13.412339782000002,4.974365240000001,23.56658935546875,17.478532791137695,10.40581226348877,3.6354353427886963,1.9042800865312515,2.6735591888623063,3.0065275185112323,1.3389298972113046
330.0,27.008056642,21.00454102,13.516290282000002,4.38962708,26.92892074584961,20.043725967407227,11.93795108795166,4.154367446899414,0.0791358961503903,0.9608150525927748,1.5783391940483416,0.23525963310058629
301.0,24.559020992,19.80100403,12.481553652,4.57286835,24.507766723632812,18.19658660888672,10.834683418273926,3.7806689739227295,0.05125426836718816,1.6044174211132827,1.6468702337260748,0.7921993760772708
3.0,3.271238708,1.607077027,0.1813339230000004,0.607490539999997,3.5729198455810547,2.224670886993408,1.295373558998108,0.5505732297897339,-0.30168113758105486,-0.6175938599934081,-1.1140396359981075,0.05691731021026314
215.0,24.788992309,19.747734066,11.883735657,4.2629241900000014,25.412885665893555,18.88712501525879,11.247126579284668,3.920361280441284,-0.6238933568935536,0.8606090507412105,0.6366090777153328,0.34256290955871727
231.0,25.728361509,19.407272336,11.219978337,3.65257263,24.924680709838867,18.51466178894043,11.02466106414795,3.8450095653533936,0.8036807991611319,0.8926105470595687,0.19531727285205136,-0.19243693535339368
379.0,14.290673824,10.441915896,5.363328549,2.3554397599999994,15.502689361572266,11.326212882995605,6.731236934661865,2.3911540508270264,-1.212015537572265,-0.8842969869956061,-1.367908385661865,-0.03571429082702693
295.0,17.669813542,13.943672179999998,9.772164922,3.5837722800000016,15.539527893066406,11.354317665100098,6.748022556304932,2.3968381881713867,2.1302856489335937,2.5893545148999006,3.0241423656950683,1.1869340918286149
137.0,16.458608005,10.066986088,4.7588348410000005,2.24889984,16.464506149291992,12.060027122497559,7.169519424438477,2.539564609527588,-0.0058981442919936455,-1.9930410344975584,-2.410684583438476,-0.2906647695275879
318.0,23.098127742,15.53821564,9.092195132000002,2.8533935600000007,22.637828826904297,16.769941329956055,9.98259449005127,3.49212384223938,0.4602989150957022,-1.231725689956054,-0.8903993580512672,-0.6387302822393792
252.0,27.411460879,20.125389096,11.930465697,3.96442413,27.16031837463379,20.220264434814453,12.043395042419434,4.190084457397461,0.2511425043662108,-0.09487533881445387,-0.11292934541943289,-0.2256603273974611
11.0,15.65933228,10.792868046,5.496160885,2.009391779999998,13.25052547454834,9.607932090759277,5.704965114593506,2.04364013671875,2.4088068054516594,1.1849359552407233,-0.20880422959350575,-0.03424835671875215
281.0,9.572029112,5.93471527,2.7130676320000013,1.1968612699999994,11.296674728393555,8.117252349853516,4.814633846282959,1.7421596050262451,-1.7246456163935555,-2.1825370798535157,-2.1015662142829576,-0.5452983350262457
100.0,9.615080265,7.434844967999999,3.200531010999999,0.7498596199999987,11.44007682800293,8.226659774780273,4.879978179931641,1.764285922050476,-1.8249965630029301,-0.7918148067802742,-1.6794471689316417,-1.0144263020504773
64.0,27.28462219,18.897328186,10.586874384999998,4.213197319999999,25.39395523071289,18.872682571411133,11.238499641418457,3.9174392223358154,1.8906669592871097,0.024645614588866493,-0.651625256418459,0.2957580976641836
65.0,27.12726593,18.664495846,10.194914245,3.925187679999997,26.043746948242188,19.36841583251953,11.53459644317627,4.017736434936523,1.0835189817578126,-0.70391998651953,-1.3396821981762699,-0.09254875493652648
62.0,26.66950226,19.679205326,11.192593385,4.231452939999997,25.059436798095703,18.617469787597656,11.086066246032715,3.865807294845581,1.6100654619042984,1.0617355384023455,0.1065271389672855,0.3656456451544159
349.0,30.861854552,21.19922638,11.776788332,4.556520080000002,29.053295135498047,21.664438247680664,12.905983924865723,4.482275009155273,1.8085594165019536,-0.46521186768066514,-1.129195592865722,0.07424507084472864
54.0,28.10001373,20.836012266,12.051718134999998,4.153251649999998,26.563701629638672,19.765094757080078,11.771529197692871,4.097993850708008,1.5363121003613287,1.0709175089199228,0.2801889373071269,0.05525779929199004
260.0,29.616355899,22.190093996,13.029098507,4.303932189999999,27.369400024414062,20.37977409362793,12.138670921325684,4.222357749938965,2.246955874585936,1.810319902372072,0.8904275856743169,0.08157444006103454
82.0,23.61392975,17.529623416,11.027471925,3.8355423,24.687257766723633,18.333526611328125,10.916474342346191,3.808368682861328,-1.0733280167236323,-0.8039031953281253,0.11099758265380899,0.027173617138672057
314.0,22.321701052,15.2349472,9.885652162,3.249986270000001,22.892925262451172,16.96456527709961,10.098835945129395,3.5314857959747314,-0.5712242104511702,-1.7296180770996088,-0.213183783129395,-0.2814995259747306
9.0,12.81751862,8.834974666,4.830496215,1.594543459999997,12.431511878967285,8.98306941986084,5.3317551612854,1.9172645807266235,0.3860067410327144,-0.14809475386083903,-0.5012589462854002,-0.3227211207266265
94.0,1.5185211179999998,1.7336441039999997,0.5178451539999998,0.0448226999999992,4.094433307647705,2.6225414276123047,1.532969355583191,0.6310200691223145,-2.5759121896477053,-0.888897323612305,-1.0151242015831912,-0.5861973691223152
362.0,17.954962162,13.14163208,8.616311642000001,3.261566160000001,17.413217544555664,12.783843040466309,7.60183048248291,2.685953378677368,0.541744617444337,0.35778903953369223,1.014481159517091,0.5756127813226328
172.0,16.650199885,13.799667358,9.222984311,3.688812259999999,19.73862075805664,14.558000564575195,8.661476135253906,3.0447685718536377,-3.0884208730566414,-0.7583332065751947,0.5615081757460931,0.6440436881463611
282.0,10.771751402,7.414817810000001,3.4416748020000014,1.1205673199999993,12.174543380737305,8.787015914916992,5.214659214019775,1.8776140213012695,-1.402791978737305,-1.3721981049169916,-1.772984412019774,-0.7570467013012703
235.0,27.807371519,21.342277526,12.928009037,4.343986509999999,26.265111923217773,19.53729820251465,11.635468482971191,4.051905632019043,1.5422595957822267,1.8049793234853517,1.2925405540288093,0.29208087798095583
86.0,20.46312561,14.579772946,9.013311765,3.20325622,18.189083099365234,13.375786781311035,7.955379009246826,2.805671453475952,2.2740425106347644,1.2039861646889651,1.057932755753173,0.39758476652404795
29.0,23.91065826,16.650471496,8.671896364999998,2.88786163,24.551776885986328,18.23016357421875,10.854738235473633,3.7874605655670166,-0.6411186259863264,-1.5796920782187485,-2.1828418704736343,-0.8995989355670164
413.0,13.027055364,9.460585026,5.244255068999999,1.7059875499999997,12.458702087402344,9.003813743591309,5.344144344329834,1.9214601516723633,0.5683532765976569,0.4567712824086918,-0.0998892753298346,-0.2154726016723636
338.0,27.032852172,22.106170650000003,14.934403992000002,5.3806304900000015,26.344417572021484,19.597801208496094,11.671606063842773,4.064146041870117,0.688434599978514,2.508369441503909,3.2627979281572284,1.3164844481298843
164.0,20.082473755,16.983168027999998,11.811256411,4.909651189999998,22.769319534301758,16.87026023864746,10.042511940002441,3.512413501739502,-2.686845779301759,0.11290778935253698,1.768744470997559,1.3972376882604962
87.0,19.49705353,14.228002925999998,8.916990665,2.928733819999998,17.694622039794922,12.998539924621582,7.730061054229736,2.729374885559082,1.8024314902050769,1.2294630013784165,1.1869296107702638,0.1993589344409159
368.0,3.844125367,2.22219696,1.0965896600000002,0.276565549999999,5.192160606384277,3.4600133895874023,2.033137083053589,0.8003647327423096,-1.3480352393842772,-1.2378164295874021,-0.9365474230535886,-0.5237991827423105
381.0,15.387399294000002,11.502401736,5.594253539,2.5461746199999986,15.475526809692383,11.305489540100098,6.7188591957092285,2.386962652206421,-0.08812751569238131,0.19691219589990183,-1.1246056567092282,0.1592119677935777
38.0,25.20670166,18.928663636,12.014524845,3.8337707499999993,25.652175903320312,19.06968116760254,11.356165885925293,3.9572956562042236,-0.44547424332031227,-0.1410175316025395,0.6583589590747074,-0.1235249062042243
142.0,13.398170475,8.991241458000001,5.007743830999999,1.8550323499999983,14.090251922607422,10.248598098754883,6.087613105773926,2.1732113361358643,-0.6920814476074213,-1.2573566407548817,-1.0798692747739267,-0.3181789861358659
31.0,24.47509766,17.427580266,9.053366085,3.02696228,25.370996475219727,18.855165481567383,11.228038787841797,3.91389536857605,-0.8958988152197271,-1.4275852155673832,-2.1746727028417965,-0.88693308857605
122.0,7.645606995,5.574226378,3.844261171,0.8880066000000006,9.967032432556152,7.102835178375244,4.208773612976074,1.5370144844055176,-2.3214254375561527,-1.5286088003752445,-0.36451244197607435,-0.6490078844055169
423.0,18.871307374,13.387815856,7.513999939,2.343995659999999,17.802448272705078,13.080803871154785,7.779195308685303,2.7460124492645264,1.0688591012949225,0.3070119848452144,-0.2651953696853031,-0.4020167892645272
126.0,11.053085325,6.813049318,3.975732421,1.3484954899999977,12.368483543395996,8.934981346130371,5.30303430557251,1.9075391292572021,-1.3153982183959965,-2.121932028130371,-1.3273018845725097,-0.5590436392572045
358.0,21.061897282,15.13004303,9.513719182,3.4894943299999994,23.277984619140625,17.258346557617188,10.27430248260498,3.590902328491211,-2.2160873371406247,-2.128303527617188,-0.7605833006049796,-0.10140799849121152
325.0,27.187347412,19.92034912,11.497225952,3.97014618,26.183197021484375,19.47480583190918,11.59814167022705,4.039261817932129,1.0041503905156262,0.4455432880908212,-0.10091571822704992,-0.06911563793212894
274.0,0.0,0.0,0.0,0.0,3.337019443511963,2.0448155403137207,1.1881606578826904,0.5142737030982971,-3.337019443511963,-2.0448155403137207,-1.1881606578826904,-0.5142737030982971
310.0,26.634216312,17.65537262,10.507312012000002,3.384590150000001,28.039140701293945,20.890727996826172,12.443856239318848,4.325735092163086,-1.4049243892939458,-3.2353553768261705,-1.936544227318846,-0.9411449421630849
52.0,27.82263031,20.605223086,11.901037594999998,4.134178159999998,25.96021270751953,19.3046875,11.496533393859863,4.004842758178711,1.8624176024804697,1.3005355859999987,0.40450420114013497,0.12933540182128667
302.0,24.821417232,20.31707764,12.171609502,4.042625430000001,25.181556701660156,18.71063995361328,11.141715049743652,3.8846559524536133,-0.36013946966015453,1.6064376863867196,1.0298944522563485,0.1579694775463878
360.0,19.268989562,14.300346370000002,8.861405942,3.032684330000002,19.900035858154297,14.681151390075684,8.735030174255371,3.0696756839752197,-0.6310462961542953,-0.38080502007568207,0.12637576774462822,-0.03699135397521758
138.0,16.235351565,9.446144108,4.834175111,2.049581910000001,16.166065216064453,11.832332611083984,7.033525466918945,2.4935145378112793,0.0692863489355453,-2.386188503083984,-2.199350355918945,-0.4439326278112783
206.0,19.968986509,14.583587645999998,8.544921877,3.046989439999999,20.25424575805664,14.951395034790039,8.89643669128418,3.124330997467041,-0.28525924905664013,-0.36780738879004105,-0.3515148142841795,-0.07734155746704197
16.0,20.00536194,13.982908626,7.987158205,3.0193328800000003,16.56324005126953,12.135356903076172,7.214510917663574,2.554799795150757,3.442121888730469,1.8475517229238285,0.7726472873364258,0.4645330848492435
153.0,11.016981505,8.568899538,5.650520321,2.2422241199999995,12.835611343383789,9.291375160217285,5.515896320343018,1.9796180725097656,-1.8186298383837887,-0.722475622217285,0.13462400065698255,0.26260604749023386
445.0,18.650872804,13.083593746,8.309364319,2.667291259999999,20.082653045654297,14.820477485656738,8.818245887756348,3.097853899002075,-1.4317802416542982,-1.7368837396567383,-0.5088815687563475,-0.43056263900207625
354.0,24.520874022,17.410278320000003,10.411126712,3.8651062,25.155670166015625,18.69089126586914,11.129918098449707,3.88066029548645,-0.634796144015624,-1.2806129458691373,-0.7187913864497073,-0.015554095486450148
173.0,16.048431394999998,13.166427608,8.555412291000001,3.4877227799999986,19.031457901000977,14.018473625183105,8.339234352111816,2.935652017593384,-2.9830265060009786,-0.8520460171831061,0.21617793888818504,0.5520707624066148
37.0,26.63721313,20.202636716,12.809889225,4.163742059999997,26.76376724243164,19.917728424072266,11.86269474029541,4.128874778747559,-0.12655411243164139,0.28490829192773504,0.947194484704589,0.03486728125243843
419.0,16.990525814,11.955532836,6.562368779,2.31443176,16.191150665283203,11.851471900939941,7.044955730438232,2.497385263442993,0.7993751487167984,0.10406093506005831,-0.4825869514382326,-0.182953503442993
155.0,13.859884644999998,10.890007018,7.3118209809999986,3.12151184,14.284939765930176,10.397134780883789,6.176329135894775,2.2032523155212402,-0.4250551209301783,0.4928722371162113,1.1354918451052232,0.9182595244787599
203.0,18.104689029,13.840675355999998,9.013175967,2.9638839699999995,18.994125366210938,13.989991188049316,8.322223663330078,2.929891586303711,-0.8894363372109382,-0.14931583204931798,0.6909523036699223,0.03399238369628854
447.0,16.866683964,11.921064756000002,7.632255549,2.531869499999999,17.695653915405273,12.999327659606934,7.730532169342041,2.7295339107513428,-0.8289699514052735,-1.078262903606932,-0.0982766203420411,-0.19766441075134367
108.0,14.353752135,10.682241817999998,5.788803100999999,1.5422271799999976,17.61366844177246,12.936776161193848,7.693172454833984,2.7168831825256348,-3.2599163067724604,-2.25453434319385,-1.9043693538339852,-1.1746560025256372
313.0,23.196220402,15.58971405,10.282244872,3.2100677500000003,24.15713882446289,17.92908477783203,10.674912452697754,3.7265615463256836,-0.960918422462889,-2.3393707278320317,-0.3926675806977542,-0.5164937963256833
264.0,25.041580199,19.031524656,11.902809147,3.710746760000001,27.20079231262207,20.251140594482422,12.06183910369873,4.196331977844238,-2.159212113622072,-1.2196159384824234,-0.1590299566987312,-0.48558521784423725
407.0,11.743545534,7.733480836,5.640983579,1.6172958299999998,14.095054626464844,10.252263069152832,6.089802265167236,2.173952579498291,-2.351509092464843,-2.518782233152832,-0.4488186861672361,-0.5566567494982912
259.0,28.624534609,21.183967586,11.892318727,3.910064690000001,27.50124168395996,20.480358123779297,12.198746681213379,4.242708206176758,1.1232929250400403,0.7036094622207045,-0.30642795421337965,-0.3326435161767569
174.0,15.095846554999998,12.310028077999998,8.201599121,3.1491684000000006,17.779502868652344,13.063298225402832,7.768739700317383,2.742471933364868,-2.683656313652346,-0.7532701474028336,0.4328594206826164,0.4066964666351325
93.0,0.0,0.0,0.0,0.0,3.337019443511963,2.0448155403137207,1.1881606578826904,0.5142737030982971,-3.337019443511963,-2.0448155403137207,-1.1881606578826904,-0.5142737030982971
180.0,11.840956115,9.374482728,6.238937381,2.64562836,14.279661178588867,10.393108367919922,6.173924446105957,2.2024378776550293,-2.438705063588868,-1.0186256399199216,0.06501293489404336,0.4431904823449706
363.0,17.288208012000002,12.729644769999998,8.133752442,3.081185910000002,17.025495529174805,12.488030433654785,7.42515230178833,2.626126527786255,0.2627124828251972,0.24161433634521323,0.7086001402116704,0.4550593822137472
214.0,24.119512939,18.734931946,10.660171507,3.65447998,23.455631256103516,17.393878936767578,10.355250358581543,3.618313789367676,0.6638816828964842,1.3410530092324215,0.3049211484184564,0.03616619063232429
221.0,26.908874509,20.897865296,12.314796447,4.49562072,25.932788848876953,19.283763885498047,11.48403549194336,4.000609397888184,0.9760856601230472,1.6141014105019522,0.8307609550566415,0.4950113221118162
405.0,13.050897214,8.725302126,5.941390989,1.7288757299999986,13.11741828918457,9.506379127502441,5.644311428070068,2.023101568222046,-0.06652107518456951,-0.7810770015024406,0.29707956092993193,-0.2942258382220473
75.0,30.75613251,23.381504826,14.102935795,5.01741638,28.894105911254883,21.542991638183594,12.83344554901123,4.457703590393066,1.8620265987451177,1.8385131878164067,1.26949024598877,0.5597127896069338
430.0,21.482331844,15.147480776,8.192062379,2.925737,21.007389068603516,15.526001930236816,9.239631652832031,3.2405428886413574,0.4749427753964852,-0.3785211542368163,-1.047569273832032,-0.3148058886413576
449.0,15.231950374,10.510716246,7.061004639,2.184867859999999,16.164886474609375,11.831433296203613,7.03298807144165,2.493332624435425,-0.9329361006093748,-1.3207170502036139,0.028016567558349692,-0.3084647644354259
156.0,14.538900755,12.085914608,8.111953730999998,3.180503850000001,15.482095718383789,11.310502052307129,6.721851825714111,2.3879764080047607,-0.9431949633837888,0.7754125556928706,1.3901019052858867,0.7925274419952402
374.0,10.040147404,7.555143736,3.685951233000001,1.401901239999999,12.148513793945312,8.767157554626465,5.202798366546631,1.8735976219177246,-2.108366389945312,-1.212013818626465,-1.51684713354663,-0.47169638191772556
324.0,26.150703432,18.40782165,10.025842282,3.4465789800000017,26.097915649414062,19.409744262695312,11.559281349182129,4.026098251342773,0.05278778258593775,-1.0019226126953136,-1.5334390671821296,-0.5795192713427717
248.0,27.625083919,20.621299746,12.187821957,3.97968292,27.14075469970703,20.205337524414062,12.034480094909668,4.187065124511719,0.48432921929297024,0.41596222158593577,0.15334186209033263,-0.20738220451171863
13.0,18.30400696,13.511793516,8.357048034999998,2.7923583999999977,13.761503219604492,9.997781753540039,5.937808513641357,2.1224849224090576,4.542503740395507,3.51401176245996,2.419239521358641,0.6698734775909401
442.0,21.128654484,15.205519106,8.961677549000001,2.93336639,25.885175704956055,19.247440338134766,11.462340354919434,3.993260383605957,-4.756521220956056,-4.041921232134765,-2.5006628059194327,-1.0598939936059568
280.0,8.049964905,4.628045650000001,2.230508422,1.3483596800000015,10.698147773742676,7.660619258880615,4.54190731048584,1.6498128175735474,-2.6481828687426763,-3.0325736088806146,-2.3113988884858396,-0.30145313757354586
441.0,22.463662724,16.038076785999998,9.047644039,2.97246704,26.28219223022461,19.550331115722656,11.643250465393066,4.05454158782959,-3.8185295062246105,-3.5122543297226585,-2.5956064263930667,-1.0820745478295897
207.0,20.696640019,15.386445616,8.527755737,3.093719479999999,22.447996139526367,16.625110626220703,9.89609146118164,3.46283221244812,-1.751356120526367,-1.2386650102207035,-1.368335724181641,-0.36911273244812115
246.0,25.968551639,19.191606136,11.230468747,3.757476800000001,26.54764175415039,19.752845764160156,11.764211654663086,4.095515251159668,-0.5790901151503896,-0.5612396281601555,-0.5337429076630862,-0.338038451159667
238.0,27.536528019,20.251274106,11.706488037,4.238128659999999,27.228900909423828,20.272586822509766,12.074646949768066,4.200671195983887,0.30762710957617045,-0.021312716509765295,-0.36815891276806667,0.037457464016112496
217.0,24.481773379,18.366813656,10.848045347,3.5772323600000018,26.164844512939453,19.460803985595703,11.5897798538208,4.036428928375244,-1.6830711339394533,-1.0939903295957016,-0.7417345068208014,-0.45919656837524236
5.0,7.500648499,4.940168762000001,1.7672943149999991,1.1491775499999974,5.945759296417236,4.0349440574646,2.37650728225708,0.9166255593299866,1.554889202582764,0.9052247045354012,-0.609212967257081,0.23255199067001087
317.0,22.977828982,15.3388977,9.175164792000002,3.0879974400000023,22.301231384277344,16.51313591003418,9.82921314239502,3.4401862621307373,0.6765975977226546,-1.1742382100341793,-0.6540483503950174,-0.352188822130735
266.0,22.843360899,17.282485966,11.056900027,3.4532547000000005,25.58660316467285,19.019657135009766,11.326286315917969,3.9471747875213623,-2.7432422656728512,-1.7371711690097662,-0.26938628891796945,-0.49392008752136185
145.0,11.721882625,7.800238037999999,5.004882811,1.812117009999998,12.926841735839844,9.360980033874512,5.557468891143799,1.9936951398849487,-1.2049591108398445,-1.5607419958745128,-0.552586080143799,-0.1815781298849508
404.0,13.854980474,8.899824526,5.883216859000001,1.847131339999999,13.690515518188477,9.943621635437012,5.905460357666016,2.1115312576293945,0.16446495581152298,-1.043797109437012,-0.022243498666014716,-0.26439991762939563
181.0,11.191503905,8.635520937999999,5.914688111,2.462522889999999,13.986807823181152,10.169676780700684,6.040476322174072,2.157249927520752,-2.795303918181153,-1.5341558427006845,-0.12578821117407202,0.30527296247924696
453.0,12.534141544,8.886608886,6.085395809,1.8709732,13.580235481262207,9.85948371887207,5.855207920074463,2.094515085220337,-1.0460939372622065,-0.9728748328720709,0.23018788892553754,-0.22354188522033702
205.0,18.669128419,14.024734496,8.351461796999999,2.517700190000001,18.464933395385742,13.586244583129883,8.08107852935791,2.8482353687286377,0.20419502361425756,0.43848991287011785,0.27038326764208875,-0.3305351787286366
107.0,15.502111815,11.899948117999998,5.921499631,1.8083023099999984,17.313274383544922,12.70759105682373,7.556288242340088,2.670531749725342,-1.8111625685449226,-0.807642938823733,-1.6347886113400882,-0.8622294397253434
283.0,12.113571172,8.41821899,4.0787292520000005,1.48582459,13.123234748840332,9.510817527770996,5.646961688995361,2.023998975753784,-1.0096635768403317,-1.0925985377709964,-1.5682324369953609,-0.5381743857537842
25.0,21.71134949,14.309065246,8.104595945,3.01647186,20.29057502746582,14.979111671447754,8.912991523742676,3.129936695098877,1.4207744625341796,-0.6700464254477545,-0.808395578742676,-0.11346483509887717
44.0,24.08695221,16.835348506,9.704725645,3.3683776799999983,24.409202575683594,18.12139129638672,10.78977108001709,3.765458822250366,-0.322250365683594,-1.2860427903867198,-1.08504543501709,-0.39708114225036795
304.0,26.553153992,20.75208893,12.109620662,4.334449770000003,27.36705780029297,20.377986907958984,12.137602806091309,4.221996307373047,-0.8139038082929702,0.37410202204101495,-0.02798214409130928,0.11245346262695577
288.0,18.996238712,14.9269104,9.803771972000002,3.4008026099999995,17.959896087646484,13.200928688049316,7.850942134857178,2.7703073024749756,1.0363426243535159,1.7259817119506842,1.9528298371428239,0.6304953075250239
343.0,29.938697812,23.71706238,13.904299922000002,5.251884459999999,27.36794662475586,20.378665924072266,12.138007164001465,4.222133636474609,2.5707511872441415,3.338396455927736,1.7662927579985368,1.02975082352539
290.0,18.440246582,14.62554932,10.052545162,3.2788681000000004,19.86728858947754,14.656167030334473,8.720108985900879,3.064622640609741,-1.4270420074775387,-0.030617710334473358,1.3324361760991206,0.21424545939025919
83.0,22.60494232,16.640798946,10.446684264999998,3.5486221299999983,21.494564056396484,15.897690773010254,9.461628913879395,3.3157153129577637,1.1103782636035149,0.7431081729897464,0.9850553511206037,0.2329068170422346
167.0,21.607398985,18.175260928,12.453079221,5.231993109999998,26.092849731445312,19.4058780670166,11.556973457336426,4.02531623840332,-4.485450746445313,-1.2306171390166014,0.8961057636635736,1.2066768715966774
176.0,13.507978825,11.009216308,7.573127750999999,2.89835205,16.27923011779785,11.918670654296875,7.085092067718506,2.5109760761260986,-2.771251292797851,-0.9094543462968758,0.4880356832814927,0.38737597387390155
328.0,28.901100162,21.97170258,13.899667362,4.9371719400000025,27.65621566772461,20.598587036132812,12.269364356994629,4.266629219055176,1.2448844942753894,1.3731155438671863,1.6303030050053717,0.6705427209448267
125.0,10.379791255,6.662368778,3.720283511,1.0548995999999988,11.861501693725586,8.54818344116211,5.072011470794678,1.8293111324310303,-1.4817104387255853,-1.885814663162109,-1.3517279597946779,-0.7744115324310314
371.0,7.525308228,5.273001098,2.647399902,1.284463499999999,9.864469528198242,7.024588584899902,4.162041187286377,1.5211913585662842,-2.339161300198242,-1.7515874868999024,-1.5146412852863769,-0.2367278585662851
102.0,11.330876155,8.807182307999998,4.123823550999999,1.5355514600000006,12.541147232055664,9.066715240478516,5.3817138671875,1.9341816902160645,-1.2102710770556637,-0.2595329324785176,-1.2578903161875008,-0.3986302302160638
394.0,21.132333374,15.316145326,8.226394649,3.1956268299999984,22.489723205566406,16.65694236755371,9.915103912353516,3.469270706176758,-1.3573898315664046,-1.3407970415537118,-1.6887092633535161,-0.27364387617675945
234.0,27.571678159,21.013259886,12.022018437,4.24480438,26.730915069580078,19.89266586303711,11.847724914550781,4.123804092407227,0.840763089419923,1.1205940229628908,0.17429352244921859,0.12100028759277315
133.0,14.852659605,9.032249447999998,4.603385920999999,1.9160675099999975,14.556352615356445,10.604208946228027,6.300007343292236,2.2451319694519043,0.2963069896435542,-1.5719594982280292,-1.6966214222922371,-0.32906445945190677
218.0,24.722235109,18.856048586,10.740415957,3.82423401,26.770397186279297,19.922788619995117,11.865716934204102,4.129899024963379,-2.048162077279297,-1.0667400339951172,-1.1253009772041018,-0.30566501496337883
151.0,9.557723995,6.537573237999999,4.126684571,1.5469955499999983,11.205078125,8.047370910644531,4.772895812988281,1.7280267477035522,-1.64735413,-1.509797672644532,-0.6462112419882811,-0.18103119770355391
454.0,12.287004094,8.362088016,6.042480469000001,2.176148979999999,13.422916412353516,9.739458084106445,5.7835211753845215,2.0702404975891113,-1.1359123183535154,-1.3773700681064458,0.2589592936154794,0.10590848241088757
27.0,22.84921875,15.346527096,8.636474605,2.8333663899999983,23.01673698425293,17.05902671813965,10.155255317687988,3.5505902767181396,-0.1675182342529311,-1.7124996221396476,-1.5187807126879882,-0.7172238867181413
192.0,12.033598329,8.667945866,5.231857297,1.4677047699999992,13.647703170776367,9.910957336425781,5.885952472686768,2.1049253940582275,-1.614104841776367,-1.243011470425781,-0.6540951756867672,-0.6372206240582283
113.0,11.127471924999998,7.960455318,5.284309390999999,1.5937255899999982,14.064519882202148,10.228967666625977,6.075888156890869,2.169241189956665,-2.93704795720215,-2.2685123486259764,-0.7915787658908702,-0.5755155999566668
273.0,16.731398009,12.743949886,8.694648746999999,2.5796890200000018,18.48120880126953,13.598662376403809,8.088496208190918,2.8507471084594727,-1.7498107922695318,-0.8547124904038093,0.6061525388090807,-0.2710580884594709
261.0,29.685020449,22.674560546,13.685090637000002,4.68444824,28.142730712890625,20.969758987426758,12.491061210632324,4.3417253494262695,1.5422897361093746,1.7048015585732408,1.1940294263676776,0.3427228905737305
333.0,23.638725282,17.96531677,11.628150942,4.223823550000002,23.967241287231445,17.784204483032227,10.588379859924316,3.697258710861206,-0.328516005231446,0.1811122869677746,1.0397710820756831,0.5265648391387963
28.0,23.52060547,16.354696656,8.693830875,3.0221939099999986,23.658985137939453,17.54902458190918,10.447915077209473,3.6496927738189697,-0.13837966793945355,-1.1943279259091781,-1.754084202209473,-0.6274988638189711
210.0,22.402763369,17.051696776,10.134832767,3.4246444699999987,21.65842056274414,16.022705078125,9.536294937133789,3.340998888015747,0.7443428062558581,1.028991697875,0.5985378298662116,0.08364558198425165
236.0,27.782440189,20.710945126,12.388365177,4.003524780000001,24.982210159301758,18.55855369567871,11.05087661743164,3.853888511657715,2.800230029698241,2.1523914303212877,1.33748855956836,0.14963626834228627
111.0,12.153761295,8.814811708,5.368232730999999,1.392500309999999,16.572044372558594,12.142073631286621,7.218522548675537,2.5561583042144775,-4.418283077558593,-3.3272619232866205,-1.850289817675538,-1.1636579942144785
416.0,15.144348144000002,10.836737056,6.072998049000001,2.043588249999999,14.830117225646973,10.813076972961426,6.424757480621338,2.287374496459961,0.3142309183530294,0.023660083038574697,-0.35175943162133727,-0.24378624645996183
191.0,10.662214659,7.742881776,5.000114437000001,1.2931823699999985,13.248724937438965,9.606558799743652,5.7041449546813965,2.0433623790740967,-2.586510278438965,-1.8636770237436524,-0.7040305176813959,-0.7501800090740982
201.0,21.219253539,16.399383546,10.089874267,3.36837768,19.30816650390625,14.229586601257324,8.465324401855469,2.97834849357605,1.9110870350937503,2.169796944742675,1.624549865144532,0.39002918642395024
226.0,24.016516109,18.089294436,10.233879087000002,3.97668609,25.91132354736328,19.26738929748535,11.474254608154297,3.9972965717315674,-1.89480743836328,-1.1780948614853521,-1.240375521154295,-0.020610481731567543
375.0,10.974748234,8.097784426,4.139900209,1.498222349999999,12.58764362335205,9.102189064025879,5.402901649475098,1.9413560628890991,-1.612895389352051,-1.0044046380258784,-1.2630014404750973,-0.4431337128891002
57.0,28.33284607,21.165029906,11.287007145,4.062788389999998,26.998062133789062,20.09647560119629,11.96945858001709,4.165040016174316,1.3347839362109362,1.0685543048037118,-0.6824514350170894,-0.10225162617431849
149.0,10.667800905,7.247924808,4.336357120999999,1.6728805599999994,11.874629020690918,8.558197975158691,5.077993392944336,1.8313367366790771,-1.206828115690918,-1.3102731671586918,-0.741636271944337,-0.15845617667907774
88.0,18.78179779,13.774053956,8.711950684999998,2.769470209999998,17.204151153564453,12.624336242675781,7.50656270980835,2.653693675994873,1.5776466364355457,1.1497177133242182,1.2053879751916483,0.11577653400512489
91.0,16.84011688,12.336866756,7.573263545,2.494812009999997,17.13774871826172,12.573674201965332,7.476304054260254,2.6434476375579834,-0.2976318382617187,-0.23680744596533287,0.09695949073974575,-0.14863562755798654
98.0,7.140295409999999,5.461692808,2.497673031,1.1378692699999997,10.7156400680542,7.6739630699157715,4.549877166748047,1.6525113582611084,-3.5753446580542,-2.212270261915772,-2.0522041357480467,-0.5146420882611087
59.0,29.69455719,22.470610046,12.913839725,4.858970639999999,27.324748992919922,20.34571075439453,12.11832332611084,4.215465545654297,2.3698081970800793,2.1248992916054696,0.7955163988891609,0.6435050943457021
117.0,9.584426874999998,6.874084468,4.464149470999999,1.6204284700000002,11.817255020141602,8.514425277709961,5.051849842071533,1.822483777999878,-2.232828145141603,-1.6403408097099605,-0.5877003710715343,-0.2020553079998777
451.0,13.679368594,9.369985966,6.458418269000001,2.2715164199999998,15.343998908996582,11.205140113830566,6.658924102783203,2.366668224334717,-1.6646303149965824,-1.8351541478305666,-0.2005058337832022,-0.09515180433471704
70.0,27.99047699,20.423071286,10.239736935,3.45611572,27.85167121887207,20.747703552246094,12.358429908752441,4.296798229217529,0.1388057711279309,-0.32463226624609476,-2.1186929737524416,-0.8406825092175292
276.0,2.094268799,0.6971359249999995,0.3489089920000001,0.1716613799999997,4.276009559631348,2.7610678672790527,1.6157011985778809,0.6590291261672974,-2.1817407606313477,-2.063931942279053,-1.2667922065778807,-0.48736774616729767
294.0,15.143394472,11.72637939,8.325440982000002,2.951622010000001,16.74404525756836,12.273300170898438,7.296900272369385,2.5826985836029053,-1.6006507855683587,-0.5469207808984375,1.028540709630617,0.3689234263970955
352.0,27.129173282,18.77403259,11.062486272,4.27709351,27.08003044128418,20.159011840820312,12.00680923461914,4.177692413330078,0.04914284071582031,-1.3849792508203116,-0.9443229626191414,0.09940109666992214
289.0,19.572393802,15.841484070000002,10.647637942,3.669738770000002,19.573232650756836,14.431817054748535,8.586112022399902,3.0192489624023438,-0.0008388487568353753,1.4096670152514665,2.061525919600097,0.6504898075976584
346.0,30.831336972000003,22.74608612,12.657847592,4.6749115,29.190044403076172,21.76876449584961,12.968297004699707,4.503382682800293,1.6412925689238307,0.9773216241503917,-0.3104494126997075,0.17152881719970736
272.0,17.674581909,13.444900516,9.017944337,2.983093259999998,19.20355796813965,14.149776458740234,8.417657852172852,2.962207078933716,-1.528976059139648,-0.7048759427402338,0.6002864848271479,0.020886181066282372
409.0,10.827882384,7.106916805999999,5.017280579,1.7689300499999998,11.425253868103027,8.215350151062012,4.873223781585693,1.7619988918304443,-0.5973714841030269,-1.1084333450620125,0.144056797414307,0.006931158169555474
323.0,25.683403012,18.34964752,9.743418882000002,3.20707092,25.584035873413086,19.017696380615234,11.325115203857422,3.9467780590057373,0.09936713858691348,-0.668048860615233,-1.5816963218574198,-0.7397071390057373
435.0,22.676467894,16.397747805999998,8.825302119,3.208024589999999,25.61083984375,19.03814697265625,11.337329864501953,3.950915575027466,-2.9343719497499983,-2.640399166656252,-2.5120277455019533,-0.7428909850274668
291.0,17.491340642,13.8168335,9.605136112000002,3.3587051400000014,18.2578125,13.428223609924316,7.986697673797607,2.8162763118743896,-0.7664718579999992,0.38860989007568314,1.6184384382023946,0.5424288281256118
448.0,15.716552734,11.083738706,7.161276249,2.516610719999999,17.002243041992188,12.470291137695312,7.414556980133057,2.6225388050079346,-1.285690307992187,-1.3865524316953124,-0.2532807311330565,-0.10592808500793538
452.0,13.249261474,9.049551396,6.301879879,1.9378662099999997,14.335834503173828,10.435965538024902,6.199521541595459,2.2111058235168457,-1.0865730291738274,-1.3864141420249023,0.10235833740454137,-0.273239613516846
41.0,22.50480652,16.199247746,10.342597965,3.30352783,22.74503517150879,16.851734161376953,10.03144645690918,3.5086662769317627,-0.24022865150879014,-0.6524864153769521,0.3111515080908198,-0.20513844693176253
92.0,0.0,0.0,0.0,0.0,3.337019443511963,2.0448155403137207,1.1881606578826904,0.5142737030982971,-3.337019443511963,-2.0448155403137207,-1.1881606578826904,-0.5142737030982971
135.0,15.946388244999998,9.692192078,4.723548891,1.8245147700000004,15.379984855651855,11.232596397399902,6.67532205581665,2.372220516204834,0.5664033893481424,-1.5404043193999026,-1.9517731648166503,-0.5477057462048336
263.0,26.336669919,19.906997676,12.460708617000002,4.01401519,27.309879302978516,20.334365844726562,12.111546516418457,4.213170051574707,-0.9732093839785172,-0.4273681687265629,0.3491621005815446,-0.19915486157470674
103.0,12.396812435,9.381430058,4.7979354910000005,1.4344619799999982,14.001380920410156,10.180794715881348,6.047116756439209,2.159498691558838,-1.604568485410157,-0.7993646578813483,-1.2491812654392085,-0.7250367115588396
428.0,20.638330074,14.866146846,8.074760439,2.71688232,21.32126808166504,15.765475273132324,9.382660865783691,3.288975238800049,-0.6829380076650402,-0.8993284271323247,-1.3079004267836911,-0.572092918800049
277.0,3.336906433,1.2655258170000003,0.8354187020000001,0.2852844300000008,6.4680705070495605,4.433422565460205,2.6144936084747314,0.9972048997879028,-3.1311640740495608,-3.1678967484602047,-1.7790749064747313,-0.711920469787902
171.0,17.368452455,14.722824098,9.800093080999998,3.733770759999999,19.727624893188477,14.54961109161377,8.656465530395508,3.04307222366333,-2.3591724381884767,0.17321300638623072,1.1436275506044904,0.6906985363366691
293.0,15.813827512,12.18877563,8.581161502000002,2.645492560000001,17.377389907836914,12.756507873535156,7.585504055023193,2.680424928665161,-1.5635623958369145,-0.567732243535156,0.9956574469768089,-0.03493236866516014
431.0,21.615982054,15.615734866,8.246421809000001,2.5013519299999984,22.913330078125,16.980133056640625,10.108135223388672,3.534634828567505,-1.2973480241250002,-1.3643981906406246,-1.8617134143886709,-1.0332828985675064
401.0,15.606744384,10.593550106,7.326261899,2.17424164,16.24457550048828,11.892230987548828,7.069300174713135,2.505628824234009,-0.6378311164882806,-1.2986808815488278,0.2569617242868656,-0.3313871842340088
410.0,10.232789614,6.659779356,4.824774169,1.8881393399999984,10.87851333618164,7.798224449157715,4.624092102050781,1.677640676498413,-0.645723722181641,-1.1384450931577152,0.20068206694921908,0.2104986635015853
15.0,19.07634735,13.449804686,7.455007935000001,2.6408599799999983,14.579282760620117,10.621703147888184,6.3104567527771,2.2486701011657715,4.497064589379882,2.8281015381118166,1.1445511822229015,0.39218987883422685
73.0,30.24973145,22.447721866,12.667791745,4.594667049999998,28.392414093017578,21.160242080688477,12.60483455657959,4.3802642822265625,1.8573173569824206,1.2874797853115219,0.06295718842041076,0.2144027677734357
121.0,7.847921755000001,5.703926088,4.014015200999999,1.060621649999998,10.068424224853516,7.1801886558532715,4.254972457885742,1.5526573657989502,-2.220502469853515,-1.4762625678532713,-0.24095725688574277,-0.4920357157989521
77.0,29.0595459,22.325787356,13.589041135,4.505975339999999,29.114238739013672,21.71092987060547,12.933754920959473,4.491681098937988,-0.05469283901367206,0.6148574853945306,0.6552862140405278,0.014294241062010826
373.0,9.213311764,6.796018986,3.273010254000001,1.7147064199999988,10.714348793029785,7.672977924346924,4.549289226531982,1.6523122787475586,-1.501037029029785,-0.8769589383469238,-1.2762789725319816,0.06239414125244025
337.0,26.266098022,20.97415924,13.999803162,4.82368469,25.361888885498047,18.84821891784668,11.223889350891113,3.912489891052246,0.9042091365019544,2.125940322153319,2.775913811108886,0.9111947989477542
43.0,23.28205109,16.347067256,9.667532344999998,3.2415389999999995,23.729473114013672,17.602802276611328,10.480034828186035,3.660569429397583,-0.44742202401367237,-1.2557350206113291,-0.8125024831860372,-0.4190304293975835
242.0,26.879446409,20.645141606,13.027191167000002,3.964288330000001,27.510677337646484,20.48755645751953,12.203045845031738,4.24416446685791,-0.6312309286464846,0.157585148480468,0.8241453219682633,-0.27987613685790924
90.0,17.46000519,13.054029846,7.775442505000001,2.653121949999999,17.175806045532227,12.60271167755127,7.493646621704102,2.649320363998413,0.28419914446777383,0.45131816844873107,0.28179588329589933,0.003801586001586088
34.0,27.94361115,20.661354066,12.375013735,4.416465759999998,26.25596046447754,19.530319213867188,11.631298065185547,4.050493240356445,1.6876506855224598,1.1310348521328137,0.7437156698144527,0.3659725196435524
385.0,17.775399784,12.895719905999998,6.769998169000001,2.76361236,16.56243133544922,12.134737968444824,7.214142322540283,2.5546746253967285,1.2129684485507823,0.7609819375551741,-0.44414415354028236,0.2089377346032717
197.0,16.876220699,12.392044066,7.481575017000001,2.3641586300000004,17.599699020385742,12.926117897033691,7.6868062019348145,2.7147276401519775,-0.7234783213857412,-0.534073831033691,-0.20523118493481363,-0.35056901015197717
287.0,18.076078792,13.83018494,8.880479432,3.2547546400000016,16.12974739074707,11.8046236038208,7.016974925994873,2.487910509109497,1.9463314012529302,2.0255613361791998,1.8635045060051265,0.7668441308905045
300.0,23.235456852,19.10305023,13.009753422,4.654884340000002,23.295608520507812,17.271791458129883,10.282333374023438,3.5936219692230225,-0.06015166850781384,1.831258771870118,2.727420047976562,1.06126237077698
157.0,15.389578245,12.918608098,8.875846861000001,3.31415406,16.31876564025879,11.948833465576172,7.10310697555542,2.517076253890991,-0.9291873952587899,0.9697746324238281,1.7727398854445813,0.7970778061090087
355.0,23.466110232,17.04788208,10.236468502,3.705024720000001,23.963905334472656,17.781660079956055,10.586859703063965,3.696744203567505,-0.4977951024726579,-0.7337779999560539,-0.3503912010639656,0.008280516432495943
175.0,14.307022095,11.688232417999998,7.983207700999999,2.98322907,16.927589416503906,12.413334846496582,7.380538463592529,2.6110198497772217,-2.6205673215039056,-0.7251024284965837,0.6026692374074694,0.37220922022277847
455.0,11.689050294,7.736477656,5.725860599000001,1.9253326399999988,13.328118324279785,9.667132377624512,5.740322589874268,2.0556130409240723,-1.6390680302797858,-1.9306547216245118,-0.014461990874266917,-0.13028040092407345
270.0,19.020080569,14.616966246,9.225845337,2.7245117200000006,19.439056396484375,14.329447746276855,8.524969100952148,2.9985451698303223,-0.418975827484374,0.287518499723145,0.7008762360478524,-0.27403344983032163
402.0,14.925820924,9.998457336,7.160186769000001,2.2247863699999986,15.738153457641602,11.505858421325684,6.838533401489258,2.4274868965148926,-0.8123325336416016,-1.507401085325684,0.32165336751074314,-0.202700526514894
309.0,27.971267702,19.01817322,10.873658752,3.4952163700000014,27.761917114257812,20.679229736328125,12.31753158569336,4.282944679260254,0.20935058774218618,-1.6610565163281237,-1.4438728336933586,-0.7877283092602525
398.0,18.609864804,12.449400326,8.309364319,2.536637879999999,18.579730987548828,13.67383098602295,8.133390426635742,2.8659493923187256,0.030133816451172635,-1.22443066002295,0.17597389236425798,-0.3293115123187267
55.0,28.11159363,20.259992986,11.206898495,3.954069519999997,26.70476531982422,19.872718811035156,11.835810661315918,4.119768142700195,1.4068283101757828,0.38727417496484406,-0.6289121663159172,-0.16569862270019842
17.0,20.5155777,14.558110046,8.059637455,3.19671631,17.87077522277832,13.132935523986816,7.81033182144165,2.7565555572509766,2.644802477221681,1.425174522013183,0.24930563355835034,0.4401607527490232
159.0,17.041342165,14.382362368,9.745597841,4.135267639999999,18.417510986328125,13.550065040588379,8.059469223022461,2.8409180641174316,-1.3761688213281253,0.8322973274116219,1.6861286179775394,1.294349575882567
244.0,25.568008419,19.123077396,11.835098267,3.655433650000001,26.190513610839844,19.48038673400879,11.601475715637207,4.040390968322754,-0.6225051918398421,-0.3573093380087897,0.2336225513627923,-0.38495731832275304
67.0,27.43639221,19.209997556,10.228292845,3.8414001399999975,27.26055908203125,20.296737670898438,12.089073181152344,4.205557823181152,0.17583312796875106,-1.0867401148984364,-1.8607803361523434,-0.3641576831811548
380.0,14.916284184000002,11.215345766,5.555152889,2.638681029999999,15.204200744628906,11.098483085632324,6.595221042633057,2.3450965881347656,-0.28791656062890425,0.11686268036767622,-1.0400681536330563,0.29358444186523336
397.0,19.623620604,13.210432436,8.305549619,2.7788711499999987,20.789899826049805,15.360068321228027,9.140524864196777,3.206983804702759,-1.1662792220498055,-2.1496358852280277,-0.8349752451967767,-0.42811265470276005
120.0,8.271217345,5.946159358,4.117012020999999,1.126425170000001,10.201226234436035,7.281506061553955,4.315483570098877,1.573146104812622,-1.930008889436035,-1.335346703553955,-0.198471549098878,-0.4467209348126211
406.0,12.506349184,8.185658265999999,5.716323849,1.8013549799999993,13.707307815551758,9.956433296203613,5.913113117218018,2.1141223907470703,-1.2009586315517584,-1.7707750302036143,-0.19678926821801745,-0.31276741074707104
66.0,26.64770355,18.328938296,9.847776794999998,3.6954879699999994,26.952489852905273,20.06170654296875,11.94869327545166,4.158005714416504,-0.3047863029052742,-1.7327682469687495,-2.1009164804516622,-0.4625177444165045
421.0,18.047332764,12.892041016,6.929397579,2.1780563299999987,17.979703903198242,13.216041564941406,7.8599677085876465,2.7733635902404785,0.0676288608017579,-0.32400054894140595,-0.9305701295876467,-0.5953072602404799
10.0,14.62759247,9.849548336,5.211012264999999,1.973152159999998,12.879026412963867,9.324499130249023,5.535679340362549,1.9863169193267822,1.7485660570361325,0.5250492057509764,-0.3246670753625498,-0.013164759326784292
19.0,22.74812927,17.005102536,10.137693785,3.3769607499999985,22.114585876464844,16.3707332611084,9.744160652160645,3.4113857746124268,0.633543393535156,0.6343692748916006,0.3935331328393552,-0.034425024612428246
154.0,12.566566465,10.055541987999998,6.707191471,2.71143189,13.615955352783203,9.886735916137695,5.871484756469727,2.1000266075134277,-1.0493888877832038,0.1688060718623028,0.8357067145302732,0.6114052824865723
393.0,20.606994634,15.133993526,7.888793949,2.61483917,20.73764419555664,15.320199966430664,9.116713523864746,3.198920488357544,-0.1306495615566412,-0.1862064404306647,-1.227919574864746,-0.5840813183575437
257.0,28.100967409,20.843505856,12.227058407,3.685951229999999,28.169673919677734,20.990310668945312,12.503336906433105,4.345883369445801,-0.06870651067773537,-0.14680481294531234,-0.276278499433106,-0.659932139445802
414.0,13.652801514,9.628567506,5.454063419000001,1.9844604499999985,13.469869613647461,9.775280952453613,5.804916858673096,2.0774853229522705,0.18293190035253915,-0.14671344645361373,-0.3508534396730951,-0.09302487295227202
134.0,15.272276304999998,9.249687198,4.960060121,1.9704269399999996,15.459486961364746,11.293251991271973,6.711550235748291,2.3844876289367676,-0.18721065636474776,-2.0435647932719725,-1.7514901147482913,-0.41406068893676795
366.0,0.0,0.0,0.0,0.0,3.337019443511963,2.0448155403137207,1.1881606578826904,0.5142737030982971,-3.337019443511963,-2.0448155403137207,-1.1881606578826904,-0.5142737030982971
254.0,28.738157649,21.488189696,12.455122377,3.994941710000001,27.541791915893555,20.511295318603516,12.217225074768066,4.248967170715332,1.1963657331064468,0.9768943773964835,0.23789730223193395,-0.25402546071533116
271.0,18.481254579,13.957023616,9.247779847,2.97546386,19.77326011657715,14.584427833557129,8.677261352539062,3.0501134395599365,-1.2920055375771469,-0.6274042175571282,0.5705184944609378,-0.07464957955993645
162.0,18.935203555,16.001837157999997,10.828971861,4.327909850000001,20.476043701171875,15.120614051818848,8.997506141662598,3.158554792404175,-1.540840146171874,0.8812231061811495,1.8314657193374018,1.1693550575958263
322.0,25.199890142,17.80782471,9.623255922,3.30352783,24.983261108398438,18.559356689453125,11.051355361938477,3.854050397872925,0.2166290336015635,-0.7515319794531266,-1.4280994399384763,-0.5505225678729246
303.0,25.694847112,20.50209045,12.292590332,4.336221310000003,26.10968017578125,19.418718338012695,11.564640998840332,4.027914047241211,-0.4148330637812485,1.0833721119873054,0.7279493331596676,0.3083072627587917
307.0,27.815818782,19.308090210000003,10.986328122000002,4.103524780000001,26.97606658935547,20.079692840576172,11.95943546295166,4.161644458770752,0.8397521926445322,-0.7716026305761687,-0.9731073409516586,-0.05811967877075119
387.0,18.489701844,13.696806336,7.062776179,2.7884078999999997,17.200992584228516,12.621926307678223,7.505122661590576,2.6532061100006104,1.2887092597714833,1.0748800283217772,-0.4423464825905761,0.13520178999938937
2.0,1.82056427,0.7697509770000002,0.1384185789999996,0.1508163399999986,3.378406524658203,2.076364040374756,1.2069718837738037,0.5206438302993774,-1.5578422546582031,-1.3066130633747557,-1.068553304773804,-0.36982749029937884
225.0,23.632185359,17.699241636,10.383741757,3.35979461,23.17162322998047,17.177196502685547,10.225833892822266,3.5744898319244385,0.4605621290195323,0.5220451333144531,0.15790786417773361,-0.21469522192443868
208.0,21.573066709,16.821725466,9.640693667,3.245353700000001,24.027984619140625,17.830547332763672,10.616059303283691,3.706631898880005,-2.454917910140626,-1.0088218667636717,-0.9753656362836907,-0.4612781988800041
118.0,9.188652035,6.357192988,4.493713380999999,1.156942749999999,11.898059844970703,8.57607364654541,5.088670253753662,1.8349518775939941,-2.7094078099707026,-2.2188806585454097,-0.5949568727536629,-0.6780091275939952
384.0,16.862869264,12.836592106,6.361007689000001,2.4527145399999988,15.663049697875977,11.448559761047363,6.804309844970703,2.415898084640503,1.1998195661240239,1.3880323449526362,-0.4433021559707022,0.03681645535949585
320.0,24.185180662,16.32976532,9.392602542,3.24630737,23.95154571533203,17.772228240966797,10.58122730255127,3.6948366165161133,0.23363494666796925,-1.442462920966797,-1.188624760551269,-0.4485292465161135
327.0,28.362274172,21.76843414,13.494355772,4.500253300000001,27.552570343017578,20.519515991210938,12.222135543823242,4.2506303787231445,0.8097038289824212,1.2489181487890626,1.2722202281767583,0.24962292127685615
265.0,24.007933049,18.148422236,11.302947997,3.5257339400000003,26.92288589477539,20.03912353515625,11.935202598571777,4.153436183929443,-2.9149528457753924,-1.8907012991562517,-0.6322546015717769,-0.6277022439294431
275.0,0.0,0.0,0.0,0.0,3.337019443511963,2.0448155403137207,1.1881606578826904,0.5142737030982971,-3.337019443511963,-2.0448155403137207,-1.1881606578826904,-0.5142737030982971
71.0,28.48339081,20.507948306,10.507719425,3.5915374699999987,27.808143615722656,20.714496612548828,12.338595390319824,4.2900800704956055,0.6752471942773433,-0.20654830654882872,-1.8308759653198248,-0.6985426004956068
129.0,13.004302975000002,7.684707638,3.989219661,1.791136169999998,12.626524925231934,9.131853103637695,5.420619010925293,1.9473555088043213,0.37777804976806806,-1.4471454656376954,-1.431399349925293,-0.15621933880432337
361.0,18.583297732,13.85102997,8.632524112,2.943038940000001,17.88109588623047,13.140809059143066,7.81503438949585,2.758148431777954,0.7022018457695296,0.7102209108569344,0.8174897225041509,0.1848905082220469
99.0,8.316311644999999,6.664276117999999,2.908706661,1.1292861999999992,11.644210815429688,8.382402420043945,4.972996711730957,1.795783281326294,-3.3278991704296885,-1.7181263020439461,-2.064290050730957,-0.6664970813262947
331.0,25.755882262,19.71530914,13.056619262,4.24562225,26.426532745361328,19.660449981689453,11.709024429321289,4.076821327209473,-0.670650483361328,0.05485915831054555,1.3475948326787108,0.1688009227905276
22.0,21.09622955,15.010969546000002,9.269032284999998,3.0547546399999987,19.788320541381836,14.595918655395508,8.684123039245605,3.0524377822875977,1.3079090086181644,0.41505089060449407,0.5849092457543925,0.002316857712401088
194.0,15.487670899,11.652946476,6.888389586999999,2.4137496900000013,14.38067626953125,10.47017765045166,6.219954967498779,2.218024730682373,1.1069946294687494,1.1827688255483402,0.6684346195012196,0.19572495931762823
6.0,10.22434235,7.1212219260000005,3.682136535,1.5821456899999973,7.727643013000488,5.394369602203369,3.1884093284606934,1.1915274858474731,2.4966993369995123,1.7268523237966313,0.4937272065393068,0.39061820415252413
372.0,8.458001709000001,5.838529965999999,3.042221069,1.43228302,9.909438133239746,7.058894634246826,4.182530403137207,1.5281288623809814,-1.4514364242397448,-1.2203646682468268,-1.140309334137207,-0.09584584238098137
136.0,16.006469725,9.773390198,4.808425901,2.170698550000001,15.817721366882324,11.566566467285156,6.874790668487549,2.4397642612457275,0.18874835811767454,-1.7931762692851567,-2.066364767487549,-0.26906571124572665
395.0,21.430833434,15.736715696,8.344650269,3.0029846199999994,24.39684295654297,18.111961364746094,10.784137725830078,3.7635514736175537,-2.9660095225429686,-2.3752456687460946,-2.4394874568300775,-0.7605668536175543
341.0,28.725624082,23.35834503,14.639582822,5.20133972,27.0272216796875,20.118722915649414,11.982747077941895,4.169540882110596,1.6984024023124995,3.239622114350585,2.656835744058105,1.0317988378894043
199.0,18.000738529,13.429641726,7.679121396999999,2.762794489999999,20.86804962158203,15.419692039489746,9.176136016845703,3.2190423011779785,-2.8673110925820318,-1.9900503134897463,-1.4970146198457037,-0.4562478111779793
376.0,12.167794804,8.945600886,4.278182979,1.88337097,12.800859451293945,9.264861106872559,5.500060558319092,1.9742558002471924,-0.6330646472939456,-0.31926022087255923,-1.2218775793190915,-0.0908848302471923
204.0,18.609182739,14.173507686,8.548736577,2.808570860000001,18.248760223388672,13.421317100524902,7.982572078704834,2.8148794174194336,0.36042251561132943,0.7521905854750983,0.5661644982951657,-0.006308557419432592
68.0,27.74524689,19.548551946,10.305540465,3.835678099999999,27.234771728515625,20.277063369750977,12.077322006225586,4.201577186584473,0.5104751614843757,-0.7285114237509767,-1.771781541225586,-0.36589908658447357
224.0,23.472921749,18.022537236,10.725021367,3.643171690000001,23.05460548400879,17.08791732788086,10.172511100769043,3.5564334392547607,0.418316264991212,0.9346199081191422,0.5525102662309571,0.08673825074524011
128.0,12.340681455,7.440567018,3.903388980999999,1.914024359999999,12.074955940246582,8.71103572845459,5.169279098510742,1.8622474670410156,0.2657255147534183,-1.2704687104545895,-1.265890117510743,0.05177689295898347
144.0,12.761876795,8.373260498,4.931449891,1.815931710000001,13.157112121582031,9.536664009094238,5.662398815155029,2.029226064682007,-0.3952353265820321,-1.1634035110942378,-0.7309489241550295,-0.21329435468200586
140.0,14.570236205,9.240286258,5.138533021000001,1.7730163599999995,15.732880592346191,11.501835823059082,6.836130619049072,2.426673173904419,-1.162644387346191,-2.2615495650590827,-1.6975975980490716,-0.6536568139044194
219.0,24.787084959,18.932342526,10.352270507,3.937721250000001,26.614171981811523,19.803600311279297,11.794528007507324,4.1057844161987305,-1.8270870228115221,-0.8712577852792975,-1.4422575005073242,-0.16806316619872952
342.0,28.758049012,23.33940735,14.050212102,5.434036259999999,26.69207763671875,19.863037109375,11.830028533935547,4.117809295654297,2.0659713752812507,3.4763702406249983,2.220183568064453,1.3162269643457023
158.0,16.517639154999998,13.694763188,9.194509891,3.8299560600000007,17.662067413330078,12.973701477050781,7.715226650238037,2.724351406097412,-1.1444282583300804,0.7210617109492183,1.479283240761962,1.1056046539025886
95.0,3.292219543,2.7503967279999992,1.2092590310000002,0.308036809999999,5.758572101593018,3.892136573791504,2.29121732711792,0.8877475261688232,-2.4663525585930177,-1.1417398457915047,-1.0819582961179197,-0.5797107161688242
256.0,28.503417969,21.425382996,12.814521787,4.1141510000000014,28.218406677246094,21.02749252319336,12.525543212890625,4.353405952453613,0.28501129175390716,0.39789047280664036,0.28897857410937533,-0.23925495245361184
427.0,20.265579224,14.447483826,7.845878599000001,2.740724179999999,21.06304168701172,15.568461418151855,9.26499080657959,3.2491300106048584,-0.7974624630117191,-1.1209775921518563,-1.4191122075795892,-0.5084058306048593
132.0,14.391899105,8.812904358,4.080772400999999,1.8777847299999983,13.873291015625,10.083069801330566,5.988748550415039,2.1397340297698975,0.5186080893750002,-1.2701654433305656,-1.90797614941504,-0.2619492997698991
227.0,24.580137639,18.714904786,10.089874267,3.5255981400000014,26.674057006835938,19.849288940429688,11.821816444396973,4.115028381347656,-2.0939193678359374,-1.1343841544296858,-1.7319421773969719,-0.5894302413476549
40.0,23.28981628,16.970770266,10.820524594999998,3.69167328,23.96147918701172,17.77981185913086,10.585755348205566,3.6963698863983154,-0.6716629070117186,-0.8090415931308605,0.234769246794432,-0.004696606398315595
434.0,22.471427914,16.198429865999998,8.574485779,3.16606292,24.640459060668945,18.29782485961914,10.895149230957031,3.8011467456817627,-2.169031146668946,-2.0993949936191427,-2.3206634519570315,-0.6350838256817628
443.0,20.079476934,13.902935786,8.525848389,2.9009414599999985,24.60312843322754,18.26934051513672,10.878138542175293,3.7953853607177734,-4.52365149922754,-4.366404729136718,-2.352290153175293,-0.8944439007177749
190.0,10.293960569,7.774353026000001,4.8694610570000005,1.4476776100000013,11.876252174377441,8.559435844421387,5.078733444213867,1.8315870761871338,-1.582291605377442,-0.7850828184213858,-0.20927238721386665,-0.3839094661871325
403.0,14.367921444,9.265081786,6.476402279,2.225740049999999,14.665035247802734,10.687129020690918,6.349532604217529,2.261902093887329,-0.2971138038027341,-1.4220472346909183,0.1268696747824709,-0.03616204388733024
392.0,20.292146304,14.964239506,7.848739619,2.9562545699999987,20.861923217773438,15.415019035339355,9.173345565795898,3.21809720993042,-0.5697769137734383,-0.4507795293393553,-1.3246059467958986,-0.26184263993042123
249.0,27.894020079,21.470069886,13.168334957,4.174232479999999,26.277509689331055,19.546756744384766,11.641118049621582,4.053818702697754,1.616510389668946,1.9233131416152354,1.5272169073784188,0.1204137773022449
39.0,24.11665192,18.015043636,11.438505555,3.80788574,24.8800048828125,18.480579376220703,11.004304885864258,3.8381147384643555,-0.7633529628125011,-0.46553574022070165,0.43420066913574296,-0.03022899846435534
243.0,25.859832759,19.269943236,12.457847597,3.987312310000002,26.932395935058594,20.046377182006836,11.939535140991211,4.154903411865234,-1.072563176058594,-0.7764339460068364,0.5183124560087897,-0.16759110186523252
396.0,20.452363584,14.583723446,8.519172669,2.6396346999999984,22.783065795898438,16.880748748779297,10.048775672912598,3.5145342350006104,-2.330702211898437,-2.2970253027792964,-1.529603003912598,-0.8748995350006119
139.0,15.277044675,9.410993958,5.030632021000001,1.9475387600000005,15.075050354003906,10.999946594238281,6.536369323730469,2.3251681327819824,0.2019943209960946,-1.5889526362382806,-1.5057373027304681,-0.37762937278198194
23.0,21.41571045,14.813558956,8.952276614999999,2.9039382899999997,19.377758026123047,14.28268051147461,8.497036933898926,2.989086627960205,2.037952423876952,0.5308784445253902,0.45523968110107305,-0.08514833796020538
160.0,17.660276794999998,15.023231508,10.193006901,4.42518463,19.731555938720703,14.55260944366455,8.658256530761719,3.0436785221099854,-2.071279143720705,0.4706220643354495,1.5347503702382816,1.381506107890015
26.0,22.17769623,14.406340026,7.951736444999998,2.9773712099999976,21.786907196044922,16.1207332611084,9.594843864440918,3.3608243465423584,0.3907890339550768,-1.714393235108398,-1.6431074194409199,-0.3834531365423608
184.0,0.0,0.0,0.0,0.0,3.337019443511963,2.0448155403137207,1.1881606578826904,0.5142737030982971,-3.337019443511963,-2.0448155403137207,-1.1881606578826904,-0.5142737030982971
241.0,29.120445249,22.168159486,13.125419617,4.12845611,27.7388916015625,20.661663055419922,12.307038307189941,4.279390335083008,1.3815536474374994,1.5064964305800785,0.818381309810059,-0.1509342250830077
14.0,18.93629303,13.561384586,7.605824275,2.84671783,13.558907508850098,9.843212127685547,5.845489501953125,2.091224193572998,5.377385521149904,3.718172458314454,1.7603347730468748,0.7554936364270017
146.0,11.128697204999998,7.581710818,4.6253204310000005,1.6709732099999997,12.710176467895508,9.19567584991455,5.458737850189209,1.9602632522583008,-1.5814792628955097,-1.6139650319145504,-0.8334174191892085,-0.2892900422583011
369.0,4.705293274000001,3.184454346,1.5411376949999998,0.9497238099999984,6.240259170532227,4.259622097015381,2.510693311691284,0.9620592594146729,-1.534965896532226,-1.075167751015381,-0.9695556166912844,-0.01233544941467446
315.0,22.365705872,15.557289119999998,9.449823002,3.09753418,22.31436538696289,16.523155212402344,9.835198402404785,3.4422128200531006,0.05134048503710886,-0.9658660924023454,-0.3853754004047847,-0.3446786400531008
79.0,26.57713165,20.017759706,12.615339665,4.32014465,27.470935821533203,20.457233428955078,12.1849365234375,4.238030433654785,-0.8938041715332048,-0.43947372295507847,0.4304031415625005,0.08211421634521443
321.0,24.798393252,16.876220699999998,9.650912472,3.260476690000001,24.044313430786133,17.84300422668457,10.623499870300293,3.709151029586792,0.7540798212138675,-0.9667835266845728,-0.9725873983002931,-0.44867433958679115
377.0,12.709481814,9.460585026,4.676683048999999,1.90244446,13.677177429199219,9.933445930480957,5.899382591247559,2.10947322845459,-0.9676956151992187,-0.47286090448095663,-1.2226995422475593,-0.20702876845458995
450.0,14.395713804,9.737150576,6.776809689,1.9587112399999995,15.166510581970215,11.06972599029541,6.57804536819458,2.3392810821533203,-0.7707967779702152,-1.3325754142954107,0.19876432080542017,-0.3805698421533208
367.0,2.175195313,1.1626647949999995,0.5083084099999997,0.3002715999999985,4.122664451599121,2.6440787315368652,1.5458321571350098,0.6353747844696045,-1.947469138599121,-1.4814139365368657,-1.03752374713501,-0.335103184469606
53.0,28.27848663,21.263394166,12.639999385,4.322051999999999,26.34230613708496,19.596193313598633,11.67064380645752,4.063820838928223,1.9361804929150388,1.6672008524013684,0.9693555785424799,0.2582311610717767
35.0,27.96840668,20.854949956,12.934684755,4.491806029999999,26.459197998046875,19.68536949157715,11.723910331726074,4.0818634033203125,1.509208681953126,1.1695804644228502,1.210774423273925,0.40994262667968684
335.0,24.191038512,19.05809174,12.736184692,4.847390750000002,22.090328216552734,16.35222625732422,9.733108520507812,3.4076430797576904,2.1007102954472643,2.7058654826757795,3.0030761714921876,1.439747670242312
440.0,23.494720464,17.276081845999997,9.216308589,3.028869629999999,26.324487686157227,19.582595825195312,11.662525177001953,4.061070442199707,-2.8297672221572263,-2.3065139791953158,-2.4462165880019526,-1.032200812199708
185.0,1.373291015,0.7734298700000002,0.2385543830000003,0.3499984700000009,4.349212169647217,2.816915512084961,1.649055004119873,0.6703214645385742,-2.975921154647217,-2.0434856420849608,-1.4105006211198727,-0.3203229945385733
312.0,24.497032162,16.386985780000003,10.030610652000002,3.3197402999999994,25.80225372314453,19.184181213378906,11.424553871154785,3.9804611206054688,-1.3052215611445313,-2.797195433378903,-1.3939432191547834,-0.6607208206054693
326.0,27.963638302,21.13328705,12.453761292,4.295213320000002,26.384960174560547,19.628732681274414,11.690080642700195,4.070404529571533,1.5786781274394528,1.5045543687255858,0.7636806492998041,0.2248087904284688
188.0,7.662773132,6.134033206000001,3.337724307,0.7143020599999996,10.042022705078125,7.1600470542907715,4.242942810058594,1.5485843420028687,-2.379249573078125,-1.0260138482907708,-0.905218503058594,-0.834282282002869
285.0,15.668869022,11.457443240000002,6.657464601999999,2.164840699999999,13.900857925415039,10.104101181030273,6.001309871673584,2.1439876556396484,1.7680110965849618,1.3533420589697283,0.6561547303264152,0.020853044360350736
415.0,14.494895934,10.257856746,5.823135379,2.07124481,14.2960844039917,10.405637741088867,6.181407451629639,2.2049717903137207,0.19881153000830132,-0.14778099508886733,-0.35827207262963867,-0.13372698031372066
166.0,21.015167235,17.910003657999997,12.229101560999998,4.80474701,25.497371673583984,18.951580047607422,11.285624504089355,3.933401346206665,-4.4822044385839845,-1.0415763896074246,0.943477056910643,0.8713456637933348
411.0,11.553628544,8.115904236,5.285263059,2.009255979999999,11.618034362792969,8.362430572509766,4.961069107055664,1.7917444705963135,-0.06440581879296836,-0.2465263365097652,0.324193951944336,0.21751150940368547
299.0,22.587776182,18.76912842,13.519151302,4.652976990000003,22.770383834838867,16.87107276916504,10.042996406555176,3.512577533721924,-0.18260765283886826,1.8980556508349622,3.4761548954448234,1.1403994562780788
24.0,21.73423767,14.845983886,8.532659915,2.86579132,19.345409393310547,14.258001327514648,8.482295989990234,2.984095335006714,2.388828276689452,0.5879825584853524,0.05036392500976561,-0.11830401500671384
422.0,18.265724184,13.129370116,7.127897639,2.40789184,18.64047622680664,13.720175743103027,8.161070823669434,2.8753223419189453,-0.3747520428066409,-0.5908056271030269,-1.0331731846694332,-0.4674305019189453
348.0,30.712263492,21.53778076,12.207849122,4.538536069999999,28.544883728027344,21.27656364440918,12.674311637878418,4.403799057006836,2.167379763972658,0.2612171155908207,-0.46646251587841725,0.13473701299316332
383.0,16.668183904,12.399809266,6.1273574790000005,2.4576187099999984,15.08535385131836,11.007807731628418,6.5410637855529785,2.3267579078674316,1.58283005268164,1.3920015343715821,-0.413706306552978,0.1308608021325668
183.0,0.0,0.0,0.0,0.0,3.337019443511963,2.0448155403137207,1.1881606578826904,0.5142737030982971,-3.337019443511963,-2.0448155403137207,-1.1881606578826904,-0.5142737030982971
344.0,30.203955082,24.13068542,13.660295102,5.057334900000001,28.148513793945312,20.974170684814453,12.493695259094238,4.342617988586426,2.0554412880546877,3.156514735185546,1.166599842905761,0.714716911413575
42.0,22.70698547,16.748564146,9.876387025,3.0070709200000003,22.98133659362793,17.032018661499023,10.139124870300293,3.545128107070923,-0.27435112362793035,-0.2834545154990238,-0.2627378453002933,-0.5380571870709225
357.0,21.817207332,15.765190120000002,9.799821472,3.688676450000002,23.942419052124023,17.76526641845703,10.577069282531738,3.6934287548065186,-2.1252117201240246,-2.0000762984570297,-0.7772478105317386,-0.004752304806516339
237.0,27.297973629,20.207405086,11.919021607,4.06646728,26.168231964111328,19.463388442993164,11.59132194519043,4.036951065063477,1.1297416648886731,0.7440166430068373,0.3276996618095698,0.029516214936523788
389.0,19.535882564,14.251844786,7.288932798999999,2.9028488099999983,20.1975040435791,14.908103942871094,8.87058162689209,3.1155755519866943,-0.6616214795791002,-0.6562591568710943,-1.5816488278920913,-0.21272674198669606
351.0,28.411865232,19.65509186,11.371476742,4.180772400000002,28.014352798461914,20.871814727783203,12.432560920715332,4.321908950805664,0.3975124335380862,-1.2167228677832043,-1.0610841787153316,-0.1411365508056619
76.0,31.25953674,23.520741276,14.469282534999998,5.007743829999999,29.315975189208984,21.864837646484375,13.025681495666504,4.522820472717285,1.9435615507910171,1.655903629515624,1.443601039333494,0.48492335728271385
32.0,26.10029449,18.948690796,10.381834415,3.6277771,25.531585693359375,18.977680206298828,11.301215171813965,3.9386820793151855,0.5687087966406246,-0.028989410298827067,-0.9193807568139647,-0.3109049793151857
350.0,29.332160952,20.20726929,11.417253112,4.253387450000002,28.84122085571289,21.502643585205078,12.809347152709961,4.449540138244629,0.4909400962871082,-1.2953742952050789,-1.3920940407099618,-0.19615268824462717
46.0,25.7102417,18.672125246,10.853903195,4.15706634,24.77958106994629,18.403963088989258,10.958542823791504,3.8226163387298584,0.9306606300537119,0.2681621570107424,-0.10463962879150479,0.3344500012701417
420.0,17.600059514,12.645993046,6.991386409,2.1828246999999994,17.554906845092773,12.89194393157959,7.666395664215088,2.7078161239624023,0.04515266890722813,-0.24595088557959066,-0.6750092552150875,-0.524991423962403
109.0,13.523373414999998,9.994642637999998,5.488531491,1.608984379999999,16.499820709228516,12.086970329284668,7.185611724853516,2.545013904571533,-2.9764472942285174,-2.0923276912846696,-1.6970802338535158,-0.9360295245715342
106.0,14.839308164999998,11.207580567999996,5.529403691000001,1.8826889099999988,16.312583923339844,11.94411849975586,7.100290775299072,2.516122579574585,-1.4732757583398453,-0.7365379317558638,-1.5708870842990716,-0.6334336695745861
150.0,9.990692135,6.799833678,4.515647891,1.9265579299999975,11.99942398071289,8.653409957885742,5.134860515594482,1.8505926132202148,-2.008731845712891,-1.8535762798857425,-0.619212624594482,0.07596531677978269
30.0,24.18994904,16.882214356,8.902685545,2.922058099999997,25.129179000854492,18.670679092407227,11.117846488952637,3.8765716552734375,-0.9392299608544938,-1.788464736407228,-2.215160943952636,-0.9545135552734405
182.0,10.550498965,8.288383488000001,5.645751950999999,2.3328231799999983,14.002151489257812,10.181382179260254,6.0474677085876465,2.1596176624298096,-3.4516525242578133,-1.892998691260253,-0.4017157575876471,0.17320551757018876
110.0,12.780189515,9.401321408,5.281448360999999,1.44209137,16.571998596191406,12.142037391662598,7.218501091003418,2.5561511516571045,-3.7918090811914062,-2.7407159836625983,-1.937052730003419,-1.1140597816571045
123.0,9.004592894999998,6.069183348,3.803253171,1.1845993099999994,8.795494079589844,6.209049224853516,3.6749682426452637,1.3562719821929932,0.20909881541015451,-0.13986587685351548,0.12828492835473648,-0.17167267219299376
424.0,19.277572634,13.816151426,7.534980769000001,2.5690627999999998,19.185680389404297,14.136137962341309,8.409510612487793,2.959449052810669,0.09189224459570156,-0.31998653634130925,-0.8745298434877924,-0.3903862528106692
105.0,13.994216915,10.589599608,5.022048951,1.8979477,15.289081573486328,11.163241386413574,6.633899211883545,2.3581936359405518,-1.2948646584863273,-0.5736417784135739,-1.6118502608835445,-0.46024593594055174
61.0,26.44075623,19.621031186,11.910574345,3.99112701,26.253957748413086,19.528789520263672,11.630385398864746,4.050183296203613,0.1867984815869157,0.09224166573632786,0.28018894613525447,-0.05905628620361325
147.0,10.790007015,7.303373718,4.539489751,1.588957220000001,12.322776794433594,8.900110244750977,5.2822065353393555,1.900486707687378,-1.5327697794335933,-1.596736526750977,-0.7427167843393558,-0.31152948768737687
84.0,21.38628235,15.764372256,9.892463685,3.410339349999997,20.90325355529785,15.446552276611328,9.192178726196289,3.2244744300842285,0.48302879470214677,0.31781997938867157,0.7002849588037101,0.18586491991576848
316.0,22.777557372,15.43603668,9.001460262,3.20707092,22.03837013244629,16.312585830688477,9.709431648254395,3.399625778198242,0.7391872395537114,-0.8765491506884757,-0.7079713862543944,-0.19255485819824214
382.0,16.005380254000002,11.977331546,5.946159359000001,2.6110244699999985,16.44607925415039,12.045968055725098,7.161122798919678,2.5367212295532227,-0.44069900015038854,-0.06863650972509738,-1.2149634399196767,0.07430324044677583
390.0,19.802911374,14.634268185999998,7.707595829000001,3.080232239999999,19.874988555908203,14.662041664123535,8.723616600036621,3.065810441970825,-0.07207718190820245,-0.027773478123537032,-1.0160207710366205,0.014421798029173871
228.0,26.268005369,19.935607906,11.380059817,4.145622250000001,25.998470306396484,19.333873748779297,11.513964653015137,4.010747909545898,0.26953506260351645,0.6017341572207044,-0.13390483601513736,0.13487434045410218
399.0,17.227037044,11.738912966,8.042335509,2.6587081899999987,16.164852142333984,11.831406593322754,7.0329718589782715,2.4933273792266846,1.062184901666015,-0.09249362732275479,1.0093636500217293,0.16538081077331412
152.0,8.880751035,6.352424618,3.975868220999999,1.4077590999999998,11.323314666748047,8.137577056884766,4.826773166656494,1.7462700605392456,-2.4425636317480475,-1.785152438884766,-0.8509049456564952,-0.3385109605392458
1.0,0.0,0.0,0.0,0.0,3.337019443511963,2.0448155403137207,1.1881606578826904,0.5142737030982971,-3.337019443511963,-2.0448155403137207,-1.1881606578826904,-0.5142737030982971
268.0,20.969390869,15.671730046,10.124206547,3.11565399,22.70431900024414,16.820669174194336,10.012892723083496,3.5023834705352783,-1.7349281312441391,-1.1489391281943355,0.1113138239165039,-0.3867294805352781
400.0,16.432626344,11.208670046,7.809638979000001,2.23813781,15.495798110961914,11.320954322814941,6.728096008300781,2.3900907039642334,0.936828233038085,-0.11228427681494146,1.0815429706992195,-0.1519528939642334
89.0,18.02648773,13.345854186,8.130209354999998,2.802848809999997,17.128938674926758,12.566951751708984,7.472288608551025,2.6420881748199463,0.8975490550732417,0.778902434291016,0.6579207464489727,0.16076063518005057
78.0,27.86922455,21.379742436,13.177053835,4.506111139999998,28.628509521484375,21.340362548828125,12.712418556213379,4.4167070388793945,-0.7592849714843766,0.039379887171875794,0.4646352787866217,0.08940410112060349
269.0,19.991056819,15.212059015999998,9.593009947,2.66742706,19.952116012573242,14.720885276794434,8.758761405944824,3.077711582183838,0.038940806426758456,0.4911737392055642,0.8342485410551763,-0.4102845221838378
124.0,9.885923765,6.567955018,3.783226011,1.111166390000001,9.169142723083496,6.49411153793335,3.845219135284424,1.4139176607131958,0.7167810419165033,0.07384348006665054,-0.06199312428442383,-0.30275127071319474
298.0,21.395547482,17.713410949999997,12.778964232000002,4.512786869999999,20.95024871826172,15.482406616210938,9.213592529296875,3.2317259311676025,0.4452987637382826,2.231004333789059,3.5653717027031266,1.2810609388323968
370.0,6.053788758,4.333631897,1.9588470460000007,0.8982253999999994,8.367094039916992,5.882216453552246,3.4797706604003906,1.290179967880249,-2.3133052819169926,-1.548584556552246,-1.52092361440039,-0.3919545678802496
96.0,4.597935485,3.9022994990000006,1.5497207609999997,0.6647109999999987,7.537527561187744,5.249327182769775,3.1017842292785645,1.1621971130371094,-2.9395920761877443,-1.3470276837697748,-1.5520634682785648,-0.49748611303711066
439.0,23.456573484,17.010960386,9.073393249,3.27859649,26.18657684326172,19.477384567260742,11.599681854248047,4.039783477783203,-2.730003359261719,-2.4664241812607415,-2.5262886052480464,-0.7611869877832032
12.0,17.19774475,12.706892396,7.068769835000001,2.618789669999998,13.69373893737793,9.946081161499023,5.9069294929504395,2.1120288372039795,3.5040058126220686,2.760811234500977,1.1618403420495618,0.5067608327960187
115.0,10.119709775,7.264273068,4.587173460999999,1.306669620000001,12.961475372314453,9.38740348815918,5.5732502937316895,1.9990391731262207,-2.8417655973144527,-2.12313042015918,-0.9860768327316904,-0.6923695531262197
332.0,24.668693542,18.68915558,12.514932252,4.350662230000001,25.910179138183594,19.266517639160156,11.473732948303223,3.9971201419830322,-1.241485596183594,-0.5773620591601549,1.0411993036967768,0.35354208801696885
258.0,28.109686279,21.034240726,12.210845947,3.7240981999999994,28.186981201171875,21.003517150878906,12.511223793029785,4.348555564880371,-0.07729492217187328,0.030723575121093916,-0.3003778460297859,-0.6244573648803717
220.0,26.389122009,20.298004146,11.514663697,4.498345940000002,26.4014835357666,19.64133644104004,11.697609901428223,4.072955131530762,-0.012361526766600406,0.6566677049599612,-0.18294620442822307,0.42539080846924016
253.0,27.505874629,20.631790156,11.736869817,3.823280330000001,27.244949340820312,20.284828186035156,12.08195972442627,4.203147888183594,0.2609252881796884,0.34696196996484474,-0.345089907426269,-0.37986755818359264
353.0,26.093482972,18.165588380000003,11.159625242000002,3.8577484099999992,26.27663803100586,19.546092987060547,11.640721321105957,4.053684234619141,-0.18315505900585904,-1.3805046070605442,-0.48109607910595464,-0.19593582461914139
432.0,21.820068364,15.785488896,8.417129519,2.60257721,25.222610473632812,18.741958618164062,11.160421371459961,3.8909921646118164,-3.4025421096328117,-2.956469722164062,-2.7432918524599614,-1.2884149546118162
262.0,27.660369869,21.006584166,13.336181637,4.105567930000001,28.408401489257812,21.172439575195312,12.612120628356934,4.382732391357422,-0.7480316202578123,-0.16585540919531283,0.7240610086430657,-0.2771644613574207
179.0,12.070655825,9.885652158,6.455421450999999,2.7467178399999987,14.477914810180664,10.544364929199219,6.2642645835876465,2.2330288887023926,-2.4072589851806647,-0.6587127711992196,0.19115686741235294,0.5136889512976062
279.0,5.661146546,2.8409957880000007,1.4885498020000014,1.0280609100000009,9.524258613586426,6.765035152435303,4.007025718688965,1.4687042236328125,-3.8631120675864254,-3.924039364435302,-2.5184759166889634,-0.4406433136328116
20.0,21.26789093,15.974998476,9.881973265,2.9668807999999984,22.362091064453125,16.559566497802734,9.856945037841797,3.4495766162872314,-1.094200134453125,-0.5845680218027347,0.0250282271582023,-0.482695816287233
356.0,22.463934322,16.431672669999998,9.978976442000002,3.3807754500000016,23.48887062072754,17.419239044189453,10.37039852142334,3.6234428882598877,-1.024936298727539,-0.9875663741894556,-0.3914220794233376,-0.24266743825988613
170.0,18.114089965,15.240533447999995,10.336058041,3.84058228,20.610729217529297,15.223373413085938,9.058880805969238,3.179337739944458,-2.4966392525292953,0.01716003491405793,1.277177235030761,0.661244540055542
240.0,28.982162479,21.482467656,12.749671937,4.2524337700000014,27.173044204711914,20.22997283935547,12.0491943359375,4.192049026489258,1.8091182742880854,1.252494816644532,0.7004776010625005,0.06038474351074363
278.0,4.63022461,2.0685195920000004,1.0662078820000005,0.9489059500000004,8.218716621398926,5.769017696380615,3.4121639728546143,1.2672889232635498,-3.588492011398926,-3.700498104380615,-2.3459560908546138,-0.31838297326354936
161.0,18.210411075,15.651567078,10.571479801,4.393713379999998,20.555538177490234,15.181264877319336,9.033730506896973,3.17082142829895,-2.3451271024902347,0.4703022006806634,1.537749294103028,1.2228919517010475
74.0,30.62834015,23.073332216,13.484136965,5.244119259999998,28.45000457763672,21.204179763793945,12.631077766418457,4.389154434204102,2.178335572363281,1.8691524522060554,0.8530591985815423,0.8549648257958964
18.0,22.18164673,15.956060796,9.252684025,3.2854080199999984,20.247909545898438,14.946560859680176,8.893549919128418,3.1233532428741455,1.9337371841015631,1.0094999363198234,0.3591341058715827,0.16205477712585292
63.0,26.97086334,19.615309146,10.601179505,3.66687774,25.125282287597656,18.667705535888672,11.116070747375488,3.8759701251983643,1.8455810524023448,0.9476036101113294,-0.514891242375489,-0.20909238519836437
250.0,27.514593509,20.672798156,12.301445007000002,3.770828240000002,25.46767807006836,18.928924560546875,11.272093772888184,3.9288179874420166,2.0469154389316415,1.743873595453124,1.029351234111818,-0.15798974744201466
229.0,26.394026179,20.341873166,12.217521667,4.451615900000002,25.824039459228516,19.20079803466797,11.434481620788574,3.983823776245117,0.5699867197714852,1.1410751313320304,0.7830400462114255,0.46779212375488477
239.0,27.344839479,20.431518556,11.616842647,4.073143,26.73145866394043,19.893081665039062,11.847972869873047,4.12388801574707,0.6133808150595712,0.5384368909609378,-0.23113022287304652,-0.050745015747070354
230.0,25.850296019,19.627706906,11.345045466999998,3.8386749200000008,25.539051055908203,18.98337745666504,11.304617881774902,3.9398345947265625,0.3112449630917986,0.6443294493349612,0.04042758522509615,-0.10115967472656173
319.0,23.106575012,15.583992,8.849008182,3.055572510000001,23.559694290161133,17.4732723236084,10.402670860290527,3.634371519088745,-0.4531192781611324,-1.8892803236083981,-1.553662678290527,-0.578799009088744
284.0,13.338088992,9.23919678,4.6031143220000015,1.5171600400000005,13.525453567504883,9.81768798828125,5.830245494842529,2.086061954498291,-0.1873645755048834,-0.5784912082812497,-1.2271311728425278,-0.5689019144982905
48.0,26.33094788,18.949644466,11.057989504999998,3.74698639,24.187461853027344,17.952219009399414,10.688728332519531,3.7312405109405518,2.1434860269726563,0.9974254566005847,0.3692611724804671,0.015745879059448242
251.0,27.266502379,19.936561586,11.921882627,3.664016720000001,26.59423828125,19.788394927978516,11.785444259643555,4.102707862854004,0.6722640977499985,0.1481666580214842,0.13643836735644577,-0.4386911428540028
80.0,25.60533752,19.140379336,11.780874635,4.15706634,26.087642669677734,19.40190887451172,11.554600715637207,4.02451229095459,-0.4823051496777353,-0.26152953851172,0.22627391936279295,0.13255404904541024
296.0,19.323349002,15.47718048,10.974748232,3.80979309,16.336185455322266,11.962125778198242,7.111045837402344,2.5197646617889404,2.987163546677735,3.5150547018017573,3.863702394597656,1.2900284282110595
438.0,23.078918454,16.967091366,8.965492249,3.0668808,25.799497604370117,19.18207550048828,11.423297882080078,3.9800353050231934,-2.720579150370117,-2.214984134488283,-2.4578056330800777,-0.9131545050231935
21.0,20.36203613,14.785902406000002,9.428160095,3.179550169999999,21.40174102783203,15.826872825622559,9.419330596923828,3.3013923168182373,-1.0397048978320313,-1.0409704196225569,0.008829498076172726,-0.12184214681823846
425.0,19.894599914,14.193806456,7.649421689,2.40789184,20.578886032104492,15.199076652526855,9.0443696975708,3.174423933029175,-0.6842861181044917,-1.0052701965268547,-1.3949480085708004,-0.7665320930291748
141.0,14.100074765,9.448187258,5.2138732910000005,1.9198822100000008,14.680303573608398,10.698777198791504,6.356490135192871,2.2642579078674316,-0.580228808608398,-1.250589940791503,-1.1426168441928706,-0.34437569786743083
193.0,13.175964359,9.823799136000002,5.365371707,1.7433166499999988,13.974326133728027,10.160155296325684,6.034788608551025,2.1553239822387695,-0.7983617747280274,-0.33635616032568194,-0.669416901551025,-0.41200733223877073
131.0,13.977050785,8.399963377999999,4.068374630999999,1.4220642099999985,13.482925415039062,9.78524112701416,5.810865879058838,2.0794997215270996,0.4941253699609369,-1.3852777490141612,-1.7424912480588386,-0.6574355115271011
216.0,24.713516239,18.928527836,11.380331417,4.148483270000002,25.828567504882812,19.204254150390625,11.436545372009277,3.984522581100464,-1.115051265882812,-0.27572631439062434,-0.05621395500927662,0.16396068889953774
245.0,25.802612309,18.966674806,11.599540707,3.4179687500000018,26.149524688720703,19.449115753173828,11.582797050476074,4.034064292907715,-0.34691237972070255,-0.4824409471738278,0.016743656523924955,-0.6160955429077131
364.0,16.872406002,12.43291626,7.906777952,2.951622010000001,16.189884185791016,11.850504875183105,7.044378757476807,2.497190237045288,0.6825218162089861,0.5824113848168953,0.862399194523193,0.4544317729547127
60.0,27.99224854,20.823614506,12.261526485,4.105567929999999,27.0011043548584,20.09879493713379,11.970844268798828,4.165509223937988,0.9911441851416001,0.7248195688662094,0.2906822162011711,-0.05994129393798886
222.0,24.878501889,19.487380986,12.028694157,4.063606259999999,25.476551055908203,18.93569564819336,11.276137351989746,3.930187940597534,-0.5980491669082042,0.5516853378066422,0.7525568050102542,0.13341831940246518
177.0,13.259887695,10.766847228,7.026672361000001,2.7953552299999984,15.512569427490234,11.33375072479248,6.735739231109619,2.392678737640381,-2.2526817324902346,-0.5669034967924809,0.2909331298903819,0.40267649235961755
56.0,28.39279175,20.716938786,11.507305905,4.17804718,26.818931579589844,19.959814071655273,11.887831687927246,4.13739013671875,1.573860170410157,0.7571247143447266,-0.38052578292724526,0.04065704328125008
292.0,16.556739812,12.9442215,9.064402772,2.95066834,17.389850616455078,12.766016960144043,7.591183185577393,2.6823477745056152,-0.8331108044550781,0.1782045398559564,1.4732195864226068,0.26832056549438477
255.0,29.322760009,21.962165836,13.519287107,4.48036194,28.041118621826172,20.892234802246094,12.444756507873535,4.326040267944336,1.2816413871738277,1.0699310337539067,1.074530599126465,0.15432167205566394
408.0,11.175155644,7.372038266000001,5.128996279000001,1.8414092999999987,12.650951385498047,9.150490760803223,5.4317498207092285,1.9511247873306274,-1.4757957414980467,-1.778452494803222,-0.30275354170922775,-0.10971548733062875
386.0,18.054826354,13.445854186,7.137298578999999,2.7416778499999985,17.1188907623291,12.559287071228027,7.467710494995117,2.6405375003814697,0.9359355916708978,0.8865671147719727,-0.33041191599511777,0.1011403496185288
437.0,23.191316224,16.778263856000002,8.679525759,2.78268585,25.264507293701172,18.773923873901367,11.179512977600098,3.8974592685699463,-2.0731910697011706,-1.9956600179013648,-2.499987218600097,-1.1147734185699463
198.0,17.698423769,12.945175166,7.729530337,2.49767303,18.764480590820312,13.814783096313477,8.21757698059082,2.894456386566162,-1.066056821820311,-0.8696079303134763,-0.4880466435908204,-0.39678335656616204
69.0,28.24878693,19.893782046,10.289192194999998,4.15597687,27.419921875,20.418317794799805,12.161691665649414,4.230155944824219,0.8288650550000014,-0.5245357487998064,-1.8724994706494158,-0.07417907482421882
211.0,22.451400759,16.890525816,9.829521177,3.253118890000001,21.81334686279297,16.140907287597656,9.606892585754395,3.3649041652679443,0.6380538962070297,0.749618528402344,0.22262859124560563,-0.11178527526794335
233.0,26.678221129,19.688606266,11.002540587,4.169464110000002,26.681686401367188,19.8551082611084,11.825292587280273,4.11620569229126,-0.0034652723671868557,-0.1665019951083977,-0.8227520002802731,0.053258417708741845
202.0,19.505500789,15.069825746,9.669303897,3.065109250000001,19.465126037597656,14.349337577819824,8.536849021911621,3.0025675296783447,0.04037475140234292,0.7204881681801751,1.1324548750883796,0.06254172032165606
169.0,19.354138185,16.046524048,11.034011841,4.407064819999999,24.052595138549805,17.849323272705078,10.627274513244629,3.7104294300079346,-4.698456953549805,-1.8027992247050797,0.40673732775537097,0.6966353899920641
186.0,3.50189209,2.406938171,1.0337829569999997,0.7141662600000007,6.290515422821045,4.2979631423950195,2.5335919857025146,0.9698125123977661,-2.788623332821045,-1.8910249713950193,-1.499809028702515,-0.2556462523977654
36.0,28.28598022,21.589414976,13.403892515,4.637718199999998,26.79657745361328,19.942760467529297,11.877645492553711,4.133939743041992,1.4894027663867178,1.6466545084707036,1.5262470224462898,0.5037784569580062
130.0,13.441357425,8.072853087999999,4.077911381,1.711027529999999,13.027673721313477,9.437909126281738,5.6034159660339355,2.00925350189209,0.4136837036865231,-1.3650560382817396,-1.5255045850339357,-0.29822597189209077
